project_name,cbo,wmc,dit,rfc,lcom,totalMethods,staticMethods,publicMethods,privateMethods,protectedMethods,defaultMethods,abstractMethods,finalMethods,synchronizedMethods,totalFields,staticFields,publicFields,privateFields,protectedFields,defaultFields,finalFields,synchronizedFields,nosi,loc,returnQty,loopQty,comparisonsQty,tryCatchQty,parenthesizedExpsQty,stringLiteralsQty,numbersQty,assignmentsQty,mathOperationsQty,variablesQty,maxNestedBlocks,anonymousClassesQty,subClassesQty,lambdasQty,uniqueWordsQty,modifiers
apache-metamodel,57.0,160.0,6.0,162.0,2701.0,77.0,45.0,76.0,12.0,15.0,1.0,22.0,20.0,2.0,43.0,43.0,43.0,24.0,16.0,0.0,43.0,0.0,66.0,1043.0,91.0,34.0,42.0,28.0,19.0,304.0,231.0,217.0,30.0,202.0,9.0,27.0,1.0,9.0,344.0,1025.0
alibaba-jetcache,41.0,77.0,6.0,110.0,2212.0,69.0,10.0,68.0,15.0,9.0,15.0,7.0,9.0,2.0,30.0,7.0,6.0,13.0,29.0,0.0,6.0,0.0,54.0,799.0,46.0,11.0,12.0,8.0,11.0,168.0,92.0,111.0,36.0,93.0,5.0,2.0,25.0,36.0,227.0,1025.0
evant-gradle-retrolambda,10.0,14.0,2.0,23.0,45.0,10.0,10.0,9.0,1.0,1.0,1.0,0.0,0.0,0.0,7.0,2.0,2.0,6.0,0.0,0.0,5.0,0.0,41.0,501.0,8.0,1.0,1.0,3.0,1.0,403.0,3.0,47.0,30.0,43.0,2.0,1.0,0.0,2.0,95.0,1.0
apache-qpid-broker-j,166.0,564.0,26.0,439.0,16972.0,193.0,35.0,113.0,79.0,61.0,1.0,10.0,66.0,27.0,73.0,66.0,29.0,73.0,11.0,0.0,66.0,0.0,233.0,3495.0,234.0,40.0,71.0,59.0,96.0,1472.0,788.0,329.0,108.0,315.0,10.0,42.0,24.0,22.0,4231.0,1025.0
apache-cxf,131.0,1168.0,27.0,424.0,26796.0,242.0,101.0,229.0,77.0,58.0,5.0,25.0,225.0,12.0,172.0,172.0,172.0,57.0,43.0,0.0,172.0,0.0,260.0,6663.0,158.0,109.0,252.0,162.0,130.0,1138.0,840.0,1278.0,253.0,604.0,9.0,19.0,38.0,32.0,619.0,1025.0
socketio-socket.io-client-java,23.0,77.0,4.0,62.0,551.0,39.0,6.0,32.0,16.0,1.0,0.0,0.0,3.0,0.0,38.0,17.0,14.0,19.0,1.0,0.0,17.0,0.0,13.0,874.0,19.0,4.0,7.0,5.0,4.0,43.0,45.0,139.0,6.0,80.0,3.0,74.0,4.0,0.0,163.0,1025.0
crate-crate,390.0,411.0,26.0,541.0,23220.0,216.0,88.0,202.0,39.0,57.0,16.0,48.0,17.0,32.0,124.0,124.0,61.0,124.0,23.0,0.0,124.0,0.0,1015.0,4766.0,292.0,90.0,107.0,140.0,57.0,1011.0,5771.0,1158.0,124.0,986.0,10.0,30.0,17.0,83.0,887.0,1025.0
apache-sling-org-apache-sling-scripting-jsp,61.0,349.0,39.0,139.0,3076.0,81.0,45.0,80.0,54.0,6.0,0.0,2.0,3.0,4.0,57.0,57.0,57.0,44.0,13.0,0.0,57.0,0.0,407.0,3004.0,79.0,26.0,112.0,21.0,57.0,836.0,1697.0,242.0,103.0,140.0,7.0,14.0,39.0,1.0,540.0,1025.0
prolificinteractive-material-calendarview,62.0,215.0,4.0,205.0,5030.0,112.0,6.0,87.0,9.0,16.0,0.0,4.0,0.0,0.0,45.0,17.0,14.0,30.0,5.0,0.0,25.0,0.0,34.0,1119.0,49.0,14.0,25.0,1.0,9.0,13.0,111.0,167.0,27.0,118.0,4.0,5.0,4.0,3.0,572.0,1024.0
google-dagger,77.0,120.0,15.0,151.0,2141.0,66.0,65.0,61.0,20.0,8.0,6.0,18.0,20.0,1.0,79.0,79.0,79.0,19.0,2.0,0.0,79.0,0.0,55.0,2632.0,73.0,15.0,9.0,6.0,9.0,1936.0,54.0,162.0,20.0,162.0,5.0,9.0,102.0,18.0,370.0,1025.0
apache-syncope,177.0,191.0,22.0,290.0,3394.0,84.0,20.0,84.0,18.0,21.0,17.0,8.0,7.0,0.0,108.0,108.0,107.0,43.0,17.0,0.0,108.0,0.0,96.0,1158.0,42.0,17.0,36.0,28.0,30.0,353.0,87.0,261.0,139.0,200.0,8.0,26.0,6.0,52.0,257.0,1025.0
spring-projects-spring-boot,127.0,216.0,17.0,220.0,16959.0,215.0,15.0,97.0,26.0,29.0,7.0,7.0,6.0,3.0,56.0,15.0,13.0,56.0,5.0,0.0,17.0,0.0,112.0,1841.0,85.0,13.0,29.0,23.0,22.0,434.0,275.0,238.0,46.0,187.0,6.0,9.0,109.0,96.0,549.0,1025.0
lettuce-io-lettuce-core,173.0,483.0,15.0,449.0,95208.0,441.0,20.0,431.0,26.0,12.0,7.0,3.0,5.0,1.0,31.0,18.0,18.0,26.0,7.0,0.0,26.0,0.0,686.0,2459.0,438.0,22.0,52.0,11.0,34.0,501.0,659.0,318.0,249.0,313.0,6.0,8.0,13.0,375.0,467.0,1025.0
apache-roller,46.0,191.0,7.0,190.0,4336.0,97.0,49.0,97.0,13.0,9.0,0.0,5.0,2.0,4.0,36.0,23.0,20.0,35.0,10.0,0.0,23.0,0.0,196.0,912.0,75.0,24.0,22.0,24.0,27.0,187.0,113.0,224.0,48.0,140.0,8.0,1.0,4.0,1.0,395.0,1025.0
coobird-thumbnailator,19.0,389.0,4.0,114.0,36123.0,346.0,14.0,345.0,5.0,3.0,0.0,4.0,2.0,0.0,19.0,7.0,7.0,15.0,3.0,0.0,19.0,0.0,1323.0,5634.0,17.0,7.0,36.0,59.0,6.0,1075.0,1731.0,1161.0,61.0,1156.0,4.0,18.0,8.0,0.0,629.0,1025.0
rzwitserloot-lombok,149.0,675.0,11.0,240.0,8373.0,143.0,128.0,120.0,44.0,12.0,2.0,15.0,4.0,1.0,74.0,74.0,74.0,74.0,7.0,0.0,74.0,0.0,335.0,2041.0,258.0,91.0,139.0,20.0,71.0,823.0,309.0,666.0,73.0,407.0,7.0,74.0,10.0,12.0,643.0,1025.0
apache-oodt,50.0,314.0,21.0,240.0,3025.0,98.0,51.0,83.0,26.0,33.0,0.0,4.0,3.0,18.0,35.0,26.0,26.0,30.0,8.0,0.0,26.0,0.0,208.0,1633.0,99.0,42.0,48.0,98.0,54.0,344.0,182.0,266.0,123.0,174.0,10.0,7.0,6.0,0.0,341.0,1025.0
apache-karaf,67.0,517.0,13.0,290.0,6147.0,123.0,22.0,73.0,115.0,26.0,1.0,26.0,10.0,6.0,75.0,62.0,31.0,64.0,41.0,0.0,64.0,0.0,127.0,1563.0,78.0,107.0,47.0,36.0,91.0,663.0,539.0,299.0,100.0,299.0,10.0,4.0,19.0,33.0,601.0,1025.0
testcontainers-testcontainers-java,71.0,160.0,13.0,243.0,4481.0,98.0,10.0,64.0,13.0,22.0,19.0,5.0,3.0,2.0,35.0,14.0,8.0,27.0,3.0,0.0,15.0,0.0,39.0,936.0,62.0,3.0,25.0,12.0,7.0,167.0,26.0,105.0,72.0,80.0,5.0,7.0,7.0,21.0,481.0,1025.0
flyway,48.0,187.0,6.0,137.0,6640.0,118.0,28.0,118.0,17.0,36.0,0.0,9.0,12.0,2.0,64.0,56.0,55.0,57.0,6.0,0.0,55.0,0.0,85.0,780.0,116.0,37.0,39.0,11.0,17.0,344.0,49.0,143.0,23.0,104.0,7.0,30.0,1.0,0.0,689.0,1025.0
apache-curator,99.0,151.0,5.0,145.0,2428.0,76.0,19.0,39.0,12.0,6.0,3.0,3.0,2.0,8.0,34.0,13.0,10.0,28.0,5.0,0.0,27.0,0.0,75.0,1123.0,61.0,24.0,16.0,41.0,15.0,336.0,93.0,141.0,30.0,119.0,7.0,25.0,3.0,21.0,341.0,1025.0
facebook-buck,250.0,550.0,42.0,712.0,13002.0,168.0,53.0,142.0,150.0,30.0,22.0,41.0,33.0,12.0,994.0,994.0,993.0,70.0,29.0,0.0,994.0,0.0,1580.0,7010.0,222.0,64.0,73.0,32.0,47.0,5103.0,672.0,1291.0,87.0,1276.0,8.0,36.0,37.0,106.0,722.0,1025.0
apache-maven,83.0,578.0,6.0,413.0,25878.0,228.0,24.0,165.0,40.0,225.0,2.0,2.0,3.0,5.0,51.0,36.0,36.0,51.0,12.0,0.0,36.0,0.0,94.0,2483.0,120.0,27.0,119.0,18.0,92.0,1215.0,284.0,237.0,77.0,160.0,10.0,4.0,8.0,26.0,457.0,1025.0
pxb1988-dex2jar,54.0,348.0,8.0,148.0,2415.0,70.0,69.0,69.0,32.0,13.0,0.0,7.0,2.0,2.0,69.0,42.0,18.0,22.0,17.0,0.0,69.0,0.0,275.0,1525.0,83.0,41.0,42.0,10.0,83.0,152.0,486.0,511.0,267.0,360.0,9.0,8.0,19.0,0.0,384.0,1025.0
swagger-api-swagger-core,109.0,554.0,9.0,430.0,5478.0,113.0,46.0,110.0,14.0,46.0,1.0,7.0,7.0,1.0,47.0,31.0,17.0,44.0,9.0,0.0,31.0,0.0,135.0,2155.0,182.0,27.0,87.0,6.0,16.0,1362.0,57.0,333.0,28.0,302.0,8.0,4.0,21.0,29.0,326.0,1025.0
google-cdep,38.0,142.0,4.0,100.0,1378.0,53.0,32.0,51.0,30.0,19.0,0.0,1.0,0.0,0.0,15.0,14.0,15.0,8.0,4.0,0.0,15.0,0.0,114.0,1229.0,71.0,18.0,22.0,16.0,3.0,1044.0,83.0,146.0,29.0,137.0,5.0,4.0,3.0,0.0,230.0,1025.0
culturecommunication-ginco,49.0,100.0,4.0,124.0,987.0,46.0,5.0,46.0,15.0,2.0,0.0,1.0,13.0,0.0,28.0,28.0,26.0,22.0,0.0,0.0,27.0,0.0,16.0,578.0,45.0,21.0,15.0,4.0,6.0,102.0,47.0,86.0,24.0,95.0,7.0,16.0,1.0,0.0,179.0,1025.0
apache-commons-math,42.0,494.0,19.0,144.0,8018.0,128.0,89.0,108.0,32.0,24.0,5.0,15.0,14.0,34.0,48.0,48.0,12.0,46.0,36.0,0.0,48.0,0.0,677.0,6103.0,258.0,172.0,122.0,48.0,428.0,1272.0,6938.0,959.0,1174.0,476.0,9.0,60.0,19.0,4.0,784.0,1025.0
apache-httpcomponents-core,62.0,283.0,5.0,185.0,3081.0,79.0,27.0,79.0,25.0,12.0,0.0,20.0,24.0,4.0,66.0,66.0,66.0,32.0,3.0,0.0,66.0,0.0,226.0,1590.0,55.0,34.0,35.0,26.0,16.0,404.0,1397.0,317.0,28.0,316.0,6.0,49.0,4.0,0.0,253.0,1025.0
apache-wicket,115.0,481.0,62.0,334.0,19939.0,203.0,41.0,125.0,20.0,39.0,9.0,14.0,124.0,12.0,57.0,54.0,47.0,46.0,9.0,0.0,54.0,0.0,190.0,2281.0,157.0,20.0,75.0,15.0,53.0,505.0,116.0,239.0,46.0,192.0,8.0,19.0,16.0,28.0,1304.0,1025.0
javafunk-funk,52.0,334.0,10.0,179.0,55611.0,334.0,333.0,333.0,6.0,2.0,0.0,14.0,0.0,0.0,5.0,2.0,1.0,5.0,3.0,0.0,3.0,0.0,563.0,1041.0,333.0,7.0,5.0,6.0,5.0,509.0,584.0,328.0,2.0,328.0,3.0,31.0,2.0,0.0,888.0,1025.0
google-error-prone,449.0,279.0,22.0,271.0,10585.0,146.0,130.0,127.0,19.0,6.0,1.0,7.0,69.0,1.0,54.0,32.0,22.0,54.0,3.0,0.0,54.0,0.0,341.0,1728.0,172.0,19.0,37.0,49.0,63.0,1194.0,72.0,157.0,39.0,140.0,11.0,21.0,52.0,95.0,585.0,1025.0
Jotschi-maven-release-workflow-test,2.0,9.0,2.0,13.0,10.0,5.0,1.0,5.0,0.0,0.0,0.0,0.0,0.0,0.0,0.0,0.0,0.0,0.0,0.0,0.0,0.0,0.0,11.0,42.0,1.0,0.0,0.0,2.0,0.0,21.0,7.0,4.0,5.0,4.0,2.0,0.0,0.0,0.0,30.0,1025.0
apache-tika,73.0,345.0,79.0,197.0,4086.0,92.0,52.0,90.0,31.0,38.0,0.0,7.0,6.0,7.0,117.0,76.0,48.0,116.0,7.0,0.0,84.0,0.0,306.0,1310.0,75.0,43.0,68.0,31.0,131.0,1562.0,221.0,333.0,124.0,232.0,8.0,14.0,33.0,3.0,668.0,1025.0
square-okhttp,78.0,350.0,7.0,285.0,13360.0,261.0,10.0,218.0,40.0,4.0,0.0,4.0,0.0,3.0,21.0,9.0,7.0,18.0,1.0,0.0,15.0,0.0,54.0,3173.0,40.0,10.0,7.0,59.0,12.0,1279.0,397.0,438.0,135.0,359.0,4.0,28.0,7.0,34.0,765.0,1025.0
apache-openwebbeans,175.0,291.0,12.0,389.0,8385.0,130.0,60.0,130.0,35.0,26.0,2.0,6.0,1.0,7.0,80.0,80.0,80.0,33.0,9.0,0.0,80.0,0.0,138.0,2102.0,148.0,52.0,35.0,17.0,25.0,106.0,42.0,210.0,40.0,185.0,9.0,17.0,17.0,36.0,451.0,1025.0
activiti-activiti,301.0,618.0,8.0,246.0,83844.0,413.0,26.0,410.0,11.0,32.0,1.0,51.0,1.0,3.0,257.0,257.0,257.0,30.0,168.0,0.0,257.0,0.0,79.0,2744.0,343.0,55.0,117.0,17.0,68.0,1160.0,940.0,401.0,291.0,266.0,9.0,23.0,16.0,119.0,803.0,1025.0
google-openrtb-doubleclick,45.0,56.0,5.0,91.0,292.0,34.0,7.0,31.0,8.0,5.0,0.0,0.0,10.0,0.0,21.0,17.0,8.0,21.0,0.0,0.0,21.0,0.0,33.0,321.0,31.0,11.0,16.0,6.0,8.0,77.0,68.0,48.0,33.0,48.0,5.0,1.0,5.0,4.0,342.0,16.0
ReactiveX-RxJava,381.0,597.0,26.0,371.0,137550.0,525.0,133.0,520.0,17.0,4.0,0.0,4.0,387.0,1.0,29.0,26.0,6.0,6.0,8.0,0.0,13.0,0.0,1238.0,4755.0,546.0,66.0,28.0,89.0,16.0,696.0,674.0,417.0,200.0,414.0,10.0,201.0,36.0,64.0,2035.0,1025.0
apache-spark,92.0,278.0,108.0,238.0,3965.0,93.0,25.0,93.0,23.0,18.0,4.0,39.0,32.0,7.0,35.0,23.0,19.0,31.0,33.0,0.0,35.0,0.0,703.0,14414.0,147.0,49.0,65.0,28.0,27.0,690.0,887.0,372.0,156.0,353.0,7.0,21.0,281.0,49.0,493.0,1025.0
google-exoplayer,82.0,396.0,22.0,242.0,5842.0,116.0,108.0,106.0,68.0,56.0,42.0,7.0,43.0,23.0,206.0,190.0,190.0,204.0,6.0,0.0,190.0,0.0,246.0,2725.0,192.0,47.0,173.0,18.0,98.0,244.0,994.0,436.0,133.0,391.0,7.0,50.0,21.0,21.0,832.0,1025.0
auth0-java-jwt,21.0,90.0,5.0,61.0,1079.0,77.0,25.0,74.0,10.0,1.0,0.0,2.0,0.0,0.0,18.0,17.0,1.0,17.0,0.0,0.0,17.0,0.0,308.0,937.0,30.0,3.0,9.0,4.0,6.0,243.0,172.0,341.0,30.0,283.0,4.0,1.0,1.0,0.0,517.0,1025.0
apache-calcite,202.0,877.0,68.0,689.0,116810.0,484.0,378.0,366.0,76.0,87.0,6.0,14.0,12.0,4.0,300.0,300.0,299.0,72.0,13.0,0.0,299.0,0.0,545.0,9080.0,446.0,96.0,125.0,33.0,99.0,7636.0,880.0,1008.0,1118.0,1004.0,8.0,101.0,64.0,85.0,1424.0,1025.0
apache-tinkerpop,228.0,243.0,55.0,194.0,17020.0,185.0,155.0,185.0,19.0,9.0,185.0,58.0,14.0,4.0,46.0,46.0,46.0,26.0,14.0,0.0,46.0,0.0,416.0,2403.0,193.0,55.0,22.0,48.0,219.0,499.0,475.0,446.0,33.0,446.0,11.0,39.0,32.0,101.0,682.0,1025.0
java-native-accessjna,76.0,417.0,133.0,250.0,14535.0,171.0,150.0,105.0,25.0,39.0,0.0,3.0,21.0,4.0,4347.0,1982.0,1982.0,47.0,9.0,0.0,1982.0,0.0,292.0,4351.0,139.0,33.0,84.0,44.0,95.0,524.0,4337.0,4347.0,312.0,4347.0,8.0,46.0,108.0,0.0,3519.0,1025.0
raphw-byte-buddy,224.0,215.0,211.0,314.0,18719.0,194.0,193.0,193.0,6.0,18.0,1.0,6.0,16.0,1.0,52.0,49.0,19.0,51.0,9.0,0.0,49.0,0.0,926.0,5441.0,195.0,18.0,16.0,29.0,29.0,149.0,253.0,286.0,48.0,286.0,6.0,22.0,136.0,6.0,1051.0,1025.0
apache-isis,132.0,330.0,98.0,182.0,15367.0,178.0,49.0,128.0,48.0,21.0,17.0,9.0,7.0,6.0,38.0,38.0,38.0,34.0,19.0,0.0,38.0,0.0,170.0,1218.0,230.0,32.0,39.0,10.0,13.0,319.0,239.0,122.0,34.0,106.0,8.0,24.0,119.0,26.0,1284.0,1025.0
apache-jackrabbit-filevault,67.0,239.0,6.0,194.0,618.0,53.0,31.0,42.0,21.0,18.0,4.0,10.0,2.0,2.0,76.0,76.0,76.0,27.0,16.0,0.0,76.0,0.0,164.0,1090.0,88.0,22.0,45.0,24.0,40.0,409.0,209.0,207.0,40.0,123.0,8.0,7.0,7.0,6.0,380.0,1025.0
apache-incubator-datasketches-java,28.0,160.0,6.0,107.0,2701.0,74.0,46.0,63.0,22.0,12.0,0.0,29.0,10.0,1.0,33.0,33.0,13.0,25.0,8.0,0.0,22.0,0.0,192.0,5858.0,51.0,37.0,57.0,32.0,128.0,92.0,6625.0,352.0,113.0,318.0,5.0,2.0,3.0,6.0,550.0,1025.0
apache-sling-org-apache-sling-resourceresolver,41.0,474.0,4.0,184.0,5752.0,116.0,15.0,91.0,36.0,19.0,0.0,1.0,2.0,1.0,90.0,68.0,21.0,24.0,68.0,0.0,64.0,0.0,64.0,1737.0,132.0,25.0,122.0,38.0,61.0,746.0,237.0,369.0,52.0,202.0,8.0,18.0,5.0,3.0,787.0,1025.0
codecentric-spring-boot-admin,37.0,41.0,5.0,74.0,289.0,27.0,26.0,20.0,17.0,18.0,0.0,4.0,2.0,0.0,16.0,12.0,12.0,16.0,0.0,0.0,14.0,0.0,59.0,357.0,30.0,2.0,4.0,3.0,9.0,163.0,25.0,39.0,24.0,39.0,4.0,4.0,14.0,36.0,146.0,1025.0
dropwizard-metrics,29.0,73.0,11.0,79.0,585.0,47.0,10.0,47.0,18.0,10.0,1.0,8.0,0.0,6.0,33.0,29.0,11.0,33.0,4.0,0.0,33.0,0.0,33.0,563.0,31.0,18.0,7.0,6.0,14.0,170.0,121.0,66.0,15.0,66.0,5.0,10.0,15.0,20.0,221.0,1025.0
apache-activemq-artemis,196.0,710.0,13.0,780.0,122716.0,641.0,327.0,280.0,52.0,131.0,42.0,63.0,108.0,69.0,185.0,185.0,140.0,147.0,43.0,0.0,141.0,0.0,418.0,4586.0,384.0,225.0,191.0,121.0,124.0,1393.0,2754.0,1442.0,213.0,1060.0,10.0,29.0,15.0,51.0,1182.0,1025.0
apache-deltaspike,69.0,133.0,11.0,115.0,1431.0,54.0,26.0,54.0,16.0,16.0,2.0,30.0,1.0,4.0,22.0,10.0,6.0,21.0,14.0,0.0,11.0,0.0,67.0,703.0,45.0,29.0,38.0,12.0,20.0,143.0,86.0,97.0,30.0,92.0,10.0,9.0,60.0,1.0,425.0,1025.0
dropwizard-dropwizard,63.0,118.0,13.0,128.0,6903.0,118.0,14.0,117.0,8.0,14.0,3.0,6.0,2.0,2.0,39.0,10.0,6.0,39.0,12.0,0.0,15.0,0.0,1181.0,1102.0,47.0,5.0,12.0,10.0,12.0,345.0,1215.0,149.0,72.0,144.0,6.0,4.0,13.0,11.0,318.0,1025.0
facebook-react-native-fbsdk,37.0,55.0,4.0,84.0,190.0,20.0,20.0,19.0,7.0,2.0,0.0,0.0,0.0,0.0,4.0,2.0,2.0,2.0,0.0,0.0,3.0,0.0,44.0,282.0,21.0,6.0,2.0,2.0,0.0,87.0,4.0,49.0,0.0,44.0,2.0,3.0,2.0,0.0,314.0,1025.0
rest-assured-rest-assured,58.0,171.0,5.0,166.0,8086.0,140.0,92.0,136.0,24.0,6.0,6.0,2.0,1.0,1.0,23.0,23.0,20.0,23.0,11.0,0.0,23.0,0.0,199.0,1299.0,138.0,9.0,19.0,20.0,10.0,731.0,47.0,139.0,46.0,131.0,5.0,29.0,2.0,25.0,659.0,1025.0
apache-incubator-druid,137.0,504.0,97.0,423.0,70276.0,377.0,44.0,377.0,36.0,29.0,8.0,20.0,6.0,6.0,63.0,63.0,63.0,41.0,15.0,0.0,63.0,0.0,3011.0,14314.0,106.0,98.0,65.0,38.0,83.0,6600.0,2185.0,611.0,240.0,599.0,10.0,27.0,89.0,49.0,729.0,1025.0
apache-activemq,109.0,574.0,17.0,472.0,39489.0,287.0,68.0,241.0,33.0,44.0,1.0,15.0,16.0,21.0,119.0,46.0,45.0,111.0,36.0,0.0,46.0,0.0,130.0,3354.0,165.0,72.0,73.0,116.0,109.0,1244.0,366.0,507.0,321.0,389.0,9.0,29.0,25.0,32.0,862.0,1025.0
redisson-redisson,153.0,347.0,7.0,233.0,24412.0,225.0,12.0,211.0,21.0,23.0,1.0,6.0,7.0,2.0,308.0,55.0,11.0,62.0,26.0,0.0,60.0,0.0,247.0,2759.0,211.0,31.0,110.0,35.0,92.0,1218.0,819.0,356.0,99.0,308.0,6.0,24.0,25.0,53.0,386.0,1025.0
jakewharton-butterknife,84.0,230.0,6.0,229.0,958.0,45.0,37.0,23.0,39.0,2.0,0.0,1.0,1.0,1.0,28.0,28.0,1.0,28.0,0.0,0.0,27.0,0.0,128.0,1230.0,62.0,38.0,47.0,18.0,6.0,683.0,93.0,290.0,43.0,215.0,5.0,9.0,15.0,20.0,318.0,1025.0
aws-aws-sdk-java,2915.0,1017.0,65.0,2969.0,434778.0,946.0,59.0,944.0,67.0,26.0,0.0,10.0,410.0,8.0,85.0,85.0,77.0,85.0,19.0,0.0,85.0,0.0,294.0,13639.0,934.0,84.0,507.0,821.0,168.0,831.0,232.0,3295.0,169.0,2061.0,16.0,410.0,49.0,6.0,1884.0,1025.0
apache-lucene-solr,299.0,1262.0,158.0,504.0,18445.0,195.0,136.0,191.0,72.0,73.0,28.0,24.0,31.0,50.0,93.0,93.0,92.0,90.0,36.0,0.0,92.0,0.0,2056.0,40811.0,201.0,173.0,412.0,70.0,519.0,40399.0,4810.0,1727.0,1091.0,1358.0,13.0,112.0,135.0,72.0,1367.0,1025.0
facebook-facebook-android-sdk,68.0,277.0,10.0,211.0,3993.0,90.0,90.0,76.0,36.0,34.0,0.0,3.0,32.0,8.0,112.0,112.0,97.0,61.0,7.0,0.0,112.0,0.0,119.0,1312.0,118.0,35.0,38.0,29.0,28.0,150.0,497.0,200.0,68.0,165.0,7.0,16.0,15.0,0.0,623.0,1025.0
oracle-spacewalk-selinux,136.0,459.0,11.0,471.0,13510.0,165.0,163.0,156.0,23.0,17.0,0.0,11.0,11.0,4.0,93.0,91.0,90.0,57.0,25.0,0.0,91.0,0.0,338.0,2508.0,173.0,55.0,47.0,34.0,60.0,634.0,153.0,489.0,114.0,439.0,8.0,15.0,3.0,0.0,980.0,1025.0
havarunner-havarunner,14.0,16.0,7.0,20.0,78.0,13.0,13.0,11.0,3.0,0.0,0.0,0.0,0.0,0.0,4.0,4.0,1.0,2.0,3.0,0.0,3.0,0.0,12.0,167.0,7.0,3.0,2.0,1.0,0.0,6.0,14.0,12.0,2.0,12.0,2.0,6.0,9.0,0.0,95.0,1024.0
google-gitiles,63.0,110.0,7.0,109.0,1663.0,62.0,17.0,60.0,19.0,25.0,0.0,1.0,1.0,10.0,18.0,11.0,5.0,15.0,6.0,0.0,18.0,0.0,191.0,768.0,53.0,14.0,15.0,8.0,6.0,530.0,81.0,69.0,14.0,57.0,5.0,5.0,4.0,22.0,222.0,1025.0
fullwall-Citizens,37.0,93.0,5.0,115.0,942.0,48.0,27.0,44.0,19.0,9.0,0.0,6.0,1.0,1.0,18.0,9.0,9.0,10.0,7.0,0.0,10.0,0.0,151.0,725.0,38.0,10.0,16.0,4.0,13.0,277.0,125.0,95.0,67.0,50.0,8.0,6.0,3.0,0.0,226.0,1025.0
apache-openmeetings,88.0,164.0,25.0,174.0,4279.0,94.0,93.0,93.0,29.0,19.0,2.0,4.0,4.0,2.0,142.0,142.0,95.0,47.0,7.0,0.0,95.0,0.0,136.0,1182.0,64.0,13.0,16.0,7.0,10.0,201.0,69.0,179.0,25.0,142.0,8.0,27.0,14.0,25.0,366.0,1025.0
apache-qpid-jms,85.0,396.0,10.0,255.0,17955.0,190.0,18.0,181.0,69.0,30.0,1.0,3.0,16.0,7.0,59.0,32.0,30.0,41.0,16.0,0.0,32.0,0.0,218.0,3083.0,197.0,24.0,45.0,107.0,85.0,384.0,714.0,637.0,60.0,630.0,9.0,55.0,7.0,21.0,512.0,1025.0
apache-tomcat,85.0,1013.0,77.0,523.0,50778.0,325.0,54.0,303.0,112.0,44.0,13.0,19.0,53.0,46.0,153.0,153.0,153.0,136.0,98.0,0.0,153.0,0.0,317.0,4330.0,313.0,124.0,120.0,192.0,235.0,961.0,1680.0,618.0,103.0,396.0,13.0,16.0,44.0,13.0,1058.0,1025.0
hazelcast-hazelcast,719.0,848.0,59.0,839.0,11557.0,827.0,141.0,826.0,95.0,93.0,14.0,130.0,30.0,6.0,463.0,463.0,463.0,48.0,33.0,0.0,463.0,0.0,1978.0,6501.0,170.0,120.0,50.0,29.0,82.0,1740.0,5703.0,2374.0,160.0,2373.0,7.0,71.0,59.0,405.0,1030.0,1025.0
querydsl-querydsl,158.0,259.0,28.0,510.0,20098.0,201.0,161.0,192.0,20.0,70.0,0.0,15.0,67.0,1.0,79.0,59.0,42.0,71.0,18.0,0.0,59.0,0.0,229.0,1803.0,190.0,45.0,38.0,18.0,16.0,460.0,394.0,226.0,76.0,212.0,13.0,11.0,13.0,0.0,398.0,1025.0
codenvy-legacy-che-plugins,209.0,4051.0,124.0,528.0,147153.0,543.0,87.0,430.0,176.0,359.0,0.0,40.0,179.0,39.0,1039.0,1024.0,870.0,65.0,68.0,0.0,1024.0,0.0,1051.0,18527.0,1031.0,235.0,1408.0,145.0,738.0,3856.0,4180.0,5464.0,1233.0,3285.0,13.0,20.0,122.0,7.0,2080.0,1025.0
oracle-oci-java-sdk,1060.0,1052.0,6.0,552.0,15753.0,212.0,31.0,191.0,24.0,16.0,0.0,2.0,0.0,11.0,41.0,38.0,24.0,19.0,8.0,0.0,34.0,0.0,521.0,13546.0,345.0,13.0,344.0,11.0,344.0,183.0,51.0,1387.0,33.0,1214.0,5.0,344.0,4.0,344.0,695.0,1025.0
aws-aws-sdk-java-v2,138.0,130.0,15.0,238.0,7280.0,124.0,36.0,123.0,37.0,20.0,35.0,7.0,14.0,3.0,61.0,33.0,33.0,61.0,16.0,0.0,61.0,0.0,285.0,1335.0,99.0,10.0,34.0,36.0,19.0,313.0,218.0,201.0,62.0,201.0,5.0,21.0,13.0,90.0,514.0,1025.0
apache-storm,177.0,858.0,30.0,1017.0,15715.0,207.0,117.0,203.0,119.0,10.0,4.0,14.0,13.0,7.0,260.0,260.0,257.0,108.0,35.0,0.0,260.0,0.0,477.0,43417.0,330.0,111.0,78.0,72.0,109.0,496.0,766.0,895.0,138.0,767.0,7.0,50.0,658.0,46.0,1219.0,1025.0
bdew-neiaddons,22.0,40.0,3.0,40.0,51.0,12.0,8.0,11.0,3.0,2.0,0.0,3.0,7.0,0.0,13.0,13.0,13.0,4.0,2.0,0.0,3.0,0.0,15.0,177.0,15.0,6.0,14.0,2.0,7.0,35.0,28.0,24.0,10.0,22.0,4.0,0.0,1.0,0.0,76.0,1025.0
apache-hive,992.0,2540.0,1228.0,1800.0,61806.0,469.0,225.0,350.0,241.0,79.0,9.0,55.0,51.0,31.0,83.0,83.0,83.0,66.0,52.0,0.0,83.0,0.0,1456.0,228397.0,494.0,327.0,860.0,257.0,444.0,5723.0,5710.0,2886.0,1547.0,2184.0,10.0,245.0,3193.0,80.0,1610.0,1025.0
mockito-mockito,49.0,117.0,19.0,172.0,6441.0,114.0,83.0,113.0,9.0,5.0,1.0,6.0,2.0,1.0,17.0,10.0,8.0,17.0,13.0,0.0,11.0,0.0,335.0,980.0,105.0,20.0,41.0,23.0,35.0,449.0,482.0,282.0,74.0,138.0,5.0,12.0,24.0,6.0,1622.0,1025.0
apache-cordova-docs,,,,,,,,,,,,,,,,,,,,,,,,,,,,,,,,,,,,,,,,
androidannotations-androidannotations,91.0,185.0,10.0,157.0,4131.0,94.0,17.0,82.0,21.0,11.0,0.0,8.0,6.0,3.0,135.0,135.0,135.0,46.0,13.0,0.0,135.0,0.0,27.0,686.0,68.0,24.0,38.0,14.0,4.0,150.0,31.0,135.0,26.0,135.0,8.0,3.0,15.0,0.0,282.0,1025.0
uber-NullAway,117.0,417.0,5.0,267.0,3907.0,98.0,46.0,98.0,50.0,2.0,0.0,0.0,0.0,0.0,32.0,32.0,7.0,30.0,25.0,0.0,32.0,0.0,55.0,2423.0,171.0,30.0,33.0,21.0,26.0,1710.0,59.0,278.0,31.0,229.0,9.0,19.0,23.0,25.0,567.0,1025.0
apache-parquet-mr,131.0,245.0,64.0,298.0,2820.0,76.0,48.0,68.0,27.0,12.0,1.0,15.0,12.0,6.0,52.0,32.0,32.0,21.0,9.0,0.0,46.0,0.0,898.0,1432.0,125.0,43.0,20.0,21.0,113.0,421.0,1703.0,233.0,106.0,217.0,6.0,21.0,24.0,23.0,404.0,1025.0
naver-pinpoint,108.0,604.0,20.0,164.0,8499.0,154.0,48.0,150.0,26.0,9.0,1.0,43.0,8.0,7.0,86.0,43.0,26.0,74.0,24.0,0.0,45.0,0.0,124.0,2483.0,239.0,56.0,50.0,12.0,181.0,1332.0,2264.0,474.0,414.0,474.0,7.0,19.0,28.0,13.0,717.0,1025.0
scribejava-scribejava,27.0,81.0,5.0,66.0,1242.0,55.0,7.0,53.0,7.0,8.0,0.0,3.0,1.0,0.0,32.0,6.0,3.0,13.0,1.0,0.0,8.0,0.0,31.0,602.0,46.0,5.0,8.0,8.0,6.0,198.0,32.0,33.0,13.0,32.0,4.0,3.0,4.0,0.0,351.0,1025.0
apache-jspwiki,44.0,374.0,7.0,199.0,23393.0,219.0,31.0,212.0,46.0,7.0,6.0,6.0,27.0,11.0,61.0,48.0,28.0,46.0,17.0,0.0,47.0,0.0,67.0,2059.0,79.0,26.0,97.0,16.0,34.0,735.0,129.0,356.0,64.0,277.0,10.0,3.0,3.0,7.0,609.0,1025.0
apache-myfaces,85.0,338.0,17.0,347.0,4508.0,97.0,72.0,91.0,28.0,44.0,0.0,48.0,45.0,4.0,220.0,141.0,87.0,132.0,13.0,0.0,141.0,0.0,161.0,1898.0,97.0,50.0,76.0,22.0,64.0,670.0,338.0,459.0,74.0,342.0,10.0,6.0,19.0,180.0,806.0,1025.0
square-retrofit,51.0,245.0,16.0,121.0,14183.0,170.0,20.0,166.0,4.0,1.0,0.0,1.0,2.0,3.0,14.0,4.0,3.0,14.0,0.0,0.0,11.0,0.0,239.0,2945.0,54.0,12.0,34.0,74.0,18.0,649.0,68.0,213.0,41.0,213.0,6.0,44.0,170.0,10.0,320.0,1024.0
mybatis-mybatis-3,81.0,258.0,7.0,231.0,8860.0,136.0,23.0,131.0,54.0,12.0,2.0,7.0,3.0,11.0,1001.0,1000.0,1000.0,28.0,51.0,0.0,1000.0,0.0,66.0,1010.0,81.0,26.0,30.0,65.0,22.0,1000.0,149.0,1001.0,24.0,1001.0,7.0,59.0,13.0,15.0,1005.0,1025.0
bkromhout-realm-recyclerview-lite,21.0,80.0,3.0,50.0,239.0,30.0,5.0,24.0,12.0,2.0,0.0,0.0,22.0,0.0,18.0,3.0,6.0,17.0,5.0,0.0,4.0,0.0,5.0,329.0,20.0,6.0,16.0,3.0,5.0,17.0,27.0,44.0,18.0,27.0,2.0,8.0,1.0,0.0,332.0,1025.0
ZieIony-Carbon,86.0,365.0,7.0,266.0,12908.0,165.0,37.0,146.0,22.0,14.0,8.0,4.0,5.0,0.0,58.0,20.0,12.0,44.0,4.0,0.0,24.0,0.0,33.0,1443.0,68.0,29.0,48.0,5.0,47.0,58.0,132.0,331.0,108.0,201.0,5.0,8.0,8.0,28.0,837.0,1025.0
cryptomator-cryptomator,40.0,59.0,4.0,54.0,630.0,45.0,16.0,42.0,10.0,5.0,2.0,12.0,0.0,2.0,26.0,13.0,12.0,24.0,3.0,0.0,25.0,0.0,25.0,268.0,42.0,2.0,8.0,6.0,15.0,40.0,43.0,37.0,27.0,43.0,3.0,2.0,7.0,9.0,210.0,1025.0
apache-jackrabbit-oak,135.0,395.0,17.0,459.0,11771.0,193.0,52.0,192.0,57.0,30.0,3.0,21.0,19.0,21.0,146.0,68.0,64.0,146.0,16.0,0.0,146.0,0.0,392.0,3379.0,143.0,86.0,63.0,57.0,57.0,2259.0,536.0,756.0,186.0,618.0,10.0,53.0,14.0,60.0,838.0,1025.0
apache-hadoop,354.0,998.0,77.0,980.0,75488.0,429.0,125.0,189.0,73.0,47.0,5.0,58.0,37.0,69.0,1182.0,1182.0,1165.0,85.0,42.0,0.0,1182.0,0.0,747.0,24991.0,341.0,108.0,117.0,197.0,154.0,2429.0,2119.0,1203.0,765.0,1197.0,20.0,95.0,121.0,48.0,1644.0,1025.0
real-logic-aeron,84.0,489.0,16.0,425.0,3197.0,129.0,79.0,86.0,52.0,6.0,4.0,5.0,10.0,2.0,120.0,120.0,118.0,83.0,18.0,0.0,120.0,0.0,155.0,2575.0,103.0,40.0,135.0,39.0,51.0,295.0,677.0,389.0,145.0,318.0,6.0,11.0,9.0,62.0,652.0,1025.0
facebook-facebook-java-business-sdk,41.0,123.0,13.0,69.0,3693.0,90.0,13.0,89.0,10.0,7.0,0.0,0.0,0.0,3.0,43.0,19.0,19.0,42.0,9.0,0.0,19.0,0.0,33.0,3396.0,93.0,8.0,5.0,5.0,4.0,83.0,16.0,169.0,8.0,75.0,7.0,25.0,11.0,0.0,385.0,1.0
apache-uima-uimaj,126.0,821.0,14.0,549.0,68293.0,422.0,78.0,311.0,68.0,54.0,36.0,44.0,89.0,47.0,108.0,84.0,84.0,93.0,23.0,0.0,84.0,0.0,354.0,3572.0,368.0,51.0,124.0,45.0,111.0,396.0,264.0,652.0,98.0,605.0,8.0,23.0,8.0,27.0,1198.0,1025.0
apache-dubbo,68.0,398.0,11.0,308.0,9630.0,157.0,55.0,145.0,54.0,25.0,16.0,15.0,11.0,3.0,139.0,25.0,21.0,35.0,21.0,0.0,24.0,0.0,169.0,4037.0,227.0,61.0,51.0,48.0,123.0,472.0,1587.0,225.0,183.0,186.0,12.0,34.0,86.0,31.0,412.0,1025.0
hibernate-hibernate-orm,216.0,911.0,56.0,732.0,75855.0,390.0,61.0,266.0,106.0,83.0,47.0,32.0,43.0,6.0,225.0,42.0,42.0,96.0,31.0,0.0,80.0,0.0,284.0,4569.0,405.0,87.0,316.0,46.0,113.0,992.0,609.0,1100.0,57.0,578.0,8.0,177.0,43.0,148.0,1213.0,1025.0
apache-maven-compiler-plugin,45.0,194.0,4.0,217.0,566.0,36.0,2.0,13.0,12.0,21.0,0.0,14.0,2.0,0.0,48.0,4.0,1.0,38.0,7.0,0.0,4.0,0.0,14.0,1125.0,30.0,27.0,15.0,15.0,13.0,189.0,15.0,120.0,36.0,134.0,6.0,0.0,0.0,1.0,546.0,1025.0
apache-jmeter,120.0,310.0,16.0,268.0,9396.0,141.0,75.0,121.0,34.0,40.0,2.0,19.0,17.0,13.0,118.0,109.0,93.0,109.0,27.0,0.0,109.0,0.0,150.0,1371.0,98.0,21.0,38.0,22.0,36.0,368.0,277.0,327.0,72.0,225.0,8.0,4.0,7.0,13.0,685.0,1025.0
apache-pulsar,156.0,456.0,125.0,624.0,16637.0,183.0,107.0,182.0,37.0,79.0,13.0,25.0,9.0,13.0,304.0,36.0,38.0,304.0,36.0,0.0,44.0,0.0,271.0,2922.0,144.0,100.0,68.0,91.0,64.0,772.0,713.0,658.0,131.0,562.0,6.0,35.0,82.0,118.0,1098.0,1025.0
grpc-grpc-java,119.0,185.0,19.0,345.0,5460.0,139.0,27.0,118.0,21.0,30.0,0.0,11.0,25.0,7.0,68.0,37.0,34.0,59.0,8.0,0.0,54.0,0.0,368.0,3429.0,42.0,26.0,36.0,19.0,23.0,1108.0,546.0,498.0,85.0,478.0,6.0,50.0,34.0,0.0,719.0,1025.0
apache-johnzon,73.0,348.0,8.0,191.0,12200.0,157.0,30.0,156.0,31.0,8.0,2.0,4.0,4.0,1.0,48.0,13.0,8.0,45.0,8.0,0.0,33.0,0.0,94.0,1719.0,129.0,26.0,167.0,21.0,25.0,367.0,164.0,184.0,54.0,183.0,7.0,25.0,34.0,46.0,273.0,1025.0
apache-jclouds,105.0,185.0,36.0,240.0,11620.0,153.0,100.0,151.0,30.0,29.0,0.0,26.0,16.0,8.0,100.0,100.0,100.0,33.0,31.0,0.0,100.0,0.0,336.0,2294.0,140.0,25.0,36.0,62.0,34.0,753.0,504.0,355.0,73.0,352.0,7.0,30.0,50.0,0.0,465.0,1025.0
immutables-immutables,56.0,408.0,20.0,328.0,16795.0,199.0,27.0,151.0,38.0,12.0,9.0,122.0,6.0,1.0,54.0,14.0,25.0,26.0,13.0,0.0,25.0,0.0,147.0,1547.0,224.0,11.0,44.0,9.0,19.0,359.0,254.0,160.0,18.0,119.0,6.0,19.0,59.0,42.0,559.0,1025.0
openengsb-openengsb,63.0,101.0,9.0,144.0,619.0,49.0,35.0,41.0,31.0,16.0,0.0,5.0,6.0,9.0,31.0,18.0,18.0,31.0,12.0,0.0,18.0,0.0,105.0,867.0,36.0,16.0,17.0,26.0,8.0,302.0,64.0,247.0,39.0,195.0,5.0,17.0,6.0,0.0,324.0,1025.0
facebook-fresco,62.0,153.0,14.0,161.0,1676.0,78.0,78.0,76.0,28.0,23.0,0.0,29.0,1.0,18.0,40.0,37.0,37.0,37.0,25.0,0.0,37.0,0.0,118.0,900.0,65.0,17.0,32.0,12.0,26.0,110.0,730.0,146.0,51.0,139.0,6.0,9.0,15.0,0.0,475.0,1025.0
apache-flink,327.0,681.0,67.0,323.0,73047.0,430.0,120.0,374.0,53.0,30.0,9.0,20.0,43.0,13.0,293.0,293.0,293.0,74.0,22.0,0.0,293.0,0.0,569.0,4066.0,178.0,134.0,147.0,160.0,97.0,1712.0,1775.0,633.0,348.0,537.0,9.0,151.0,50.0,89.0,897.0,1025.0
alibaba-fastjson,58.0,1314.0,15.0,296.0,19700.0,200.0,98.0,200.0,27.0,13.0,0.0,14.0,42.0,0.0,6664.0,42.0,6664.0,100.0,19.0,0.0,27.0,0.0,268.0,6667.0,355.0,108.0,547.0,43.0,363.0,773.0,711.0,1618.0,777.0,6664.0,11.0,11.0,33.0,0.0,6666.0,1025.0
apache-cassandra,152.0,907.0,63.0,910.0,52560.0,385.0,381.0,369.0,82.0,74.0,10.0,17.0,14.0,15.0,217.0,46.0,213.0,36.0,17.0,0.0,103.0,0.0,1085.0,4234.0,253.0,125.0,54.0,38.0,219.0,1730.0,5270.0,615.0,334.0,399.0,7.0,51.0,40.0,136.0,1225.0,1025.0
oracle-opengrok,73.0,302.0,10.0,237.0,20464.0,204.0,59.0,197.0,26.0,21.0,1.0,12.0,7.0,19.0,88.0,40.0,40.0,78.0,13.0,0.0,40.0,0.0,450.0,1364.0,119.0,35.0,65.0,27.0,23.0,614.0,172.0,272.0,58.0,203.0,8.0,9.0,9.0,51.0,683.0,1025.0
airbnb-lottie-android,53.0,276.0,6.0,144.0,2226.0,92.0,31.0,81.0,16.0,5.0,0.0,14.0,3.0,6.0,39.0,33.0,11.0,39.0,2.0,0.0,35.0,0.0,52.0,855.0,78.0,13.0,108.0,6.0,28.0,81.0,149.0,219.0,69.0,104.0,4.0,17.0,6.0,0.0,656.0,1025.0
simplegeo-java-simplegeo,24.0,39.0,5.0,48.0,435.0,30.0,8.0,30.0,2.0,5.0,0.0,0.0,0.0,0.0,8.0,8.0,6.0,8.0,4.0,0.0,6.0,0.0,62.0,214.0,14.0,4.0,6.0,12.0,1.0,102.0,20.0,44.0,3.0,44.0,3.0,1.0,0.0,0.0,146.0,1025.0
bytedeco-javacpp,62.0,1528.0,13.0,242.0,3081.0,79.0,56.0,78.0,5.0,3.0,0.0,32.0,1.0,3.0,48.0,10.0,5.0,4.0,4.0,0.0,6.0,0.0,183.0,3981.0,75.0,170.0,222.0,43.0,154.0,2512.0,945.0,1584.0,533.0,591.0,9.0,6.0,7.0,0.0,665.0,1025.0
apache-nutch,50.0,135.0,14.0,165.0,631.0,42.0,20.0,42.0,9.0,31.0,1.0,8.0,7.0,7.0,49.0,36.0,36.0,47.0,25.0,0.0,36.0,0.0,68.0,1124.0,43.0,20.0,25.0,10.0,26.0,253.0,67.0,170.0,51.0,114.0,11.0,7.0,11.0,6.0,382.0,1025.0
btraceio-btrace,43.0,305.0,9.0,291.0,41035.0,287.0,286.0,280.0,51.0,18.0,0.0,4.0,49.0,38.0,113.0,113.0,113.0,38.0,7.0,0.0,113.0,0.0,312.0,5217.0,226.0,24.0,44.0,32.0,23.0,4644.0,103.0,241.0,168.0,177.0,9.0,25.0,18.0,2.0,1086.0,1025.0
apache-cloudstack,775.0,1410.0,23.0,1666.0,24068.0,224.0,223.0,223.0,122.0,74.0,2.0,19.0,21.0,12.0,372.0,372.0,371.0,120.0,63.0,0.0,371.0,0.0,351.0,5808.0,324.0,97.0,307.0,201.0,122.0,1173.0,4238.0,1492.0,448.0,1440.0,12.0,18.0,85.0,7.0,1158.0,1025.0
spring-projects-spring-security,107.0,133.0,39.0,130.0,2034.0,110.0,22.0,110.0,20.0,15.0,20.0,3.0,20.0,4.0,68.0,55.0,55.0,63.0,7.0,0.0,55.0,0.0,113.0,1973.0,63.0,15.0,34.0,23.0,50.0,382.0,1368.0,188.0,70.0,167.0,10.0,18.0,43.0,47.0,717.0,1025.0
realm-realm-java,149.0,856.0,9.0,561.0,17175.0,186.0,55.0,169.0,67.0,28.0,0.0,15.0,13.0,18.0,91.0,46.0,46.0,45.0,5.0,0.0,48.0,0.0,244.0,3841.0,227.0,103.0,176.0,103.0,187.0,468.0,1025.0,522.0,179.0,475.0,6.0,73.0,6.0,109.0,724.0,1025.0
voxeolabs-moho,98.0,409.0,6.0,237.0,5794.0,121.0,79.0,80.0,22.0,52.0,0.0,3.0,14.0,47.0,35.0,30.0,30.0,20.0,33.0,0.0,30.0,0.0,100.0,2599.0,121.0,35.0,80.0,89.0,67.0,197.0,541.0,246.0,79.0,155.0,9.0,112.0,6.0,0.0,481.0,1025.0
apache-ignite,284.0,1556.0,60.0,850.0,144841.0,539.0,539.0,507.0,79.0,112.0,14.0,23.0,64.0,43.0,213.0,213.0,213.0,118.0,33.0,0.0,213.0,0.0,685.0,5898.0,626.0,186.0,197.0,192.0,169.0,1635.0,3318.0,862.0,270.0,664.0,11.0,149.0,62.0,79.0,1975.0,1025.0
apache-struts,95.0,660.0,39.0,328.0,35926.0,272.0,47.0,270.0,74.0,24.0,2.0,8.0,31.0,18.0,122.0,122.0,122.0,113.0,79.0,0.0,122.0,0.0,407.0,2988.0,159.0,44.0,112.0,64.0,140.0,836.0,1698.0,354.0,103.0,305.0,8.0,26.0,39.0,7.0,542.0,1025.0
izhangzhihao-intellij-rainbow-brackets,,,,,,,,,,,,,,,,,,,,,,,,,,,,,,,,,,,,,,,,
facebook-robolectric,66.0,145.0,18.0,138.0,7260.0,121.0,27.0,121.0,17.0,17.0,0.0,3.0,14.0,22.0,45.0,25.0,7.0,42.0,15.0,0.0,30.0,0.0,72.0,1157.0,93.0,24.0,26.0,19.0,41.0,261.0,240.0,154.0,110.0,114.0,8.0,18.0,20.0,0.0,683.0,1025.0
apache-jena,138.0,3370.0,37.0,475.0,55687.0,335.0,117.0,258.0,170.0,64.0,40.0,32.0,156.0,22.0,223.0,223.0,222.0,43.0,84.0,0.0,223.0,0.0,466.0,7534.0,603.0,69.0,205.0,132.0,523.0,1306.0,4074.0,1095.0,214.0,460.0,56.0,83.0,11.0,60.0,878.0,1025.0
netty-netty,84.0,687.0,27.0,316.0,73350.0,432.0,111.0,376.0,53.0,40.0,0.0,180.0,74.0,26.0,82.0,82.0,82.0,42.0,13.0,0.0,82.0,0.0,366.0,4157.0,221.0,134.0,75.0,53.0,9220.0,635.0,16641.0,873.0,12298.0,539.0,9.0,58.0,17.0,1.0,684.0,1025.0
apache-tapestry-5,489.0,912.0,14.0,239.0,15576.0,191.0,64.0,163.0,40.0,174.0,2.0,41.0,167.0,6.0,236.0,99.0,63.0,54.0,26.0,0.0,99.0,0.0,112.0,2680.0,86.0,97.0,111.0,15.0,66.0,735.0,642.0,839.0,253.0,417.0,7.0,44.0,19.0,4.0,885.0,1025.0
apache-camel,707.0,795.0,19.0,500.0,113524.0,477.0,476.0,474.0,89.0,42.0,4.0,75.0,15.0,38.0,131.0,116.0,116.0,115.0,64.0,0.0,116.0,0.0,475.0,5044.0,476.0,83.0,138.0,57.0,48.0,665.0,1004.0,405.0,150.0,429.0,10.0,68.0,81.0,474.0,1169.0,1025.0
springfox-springfox,90.0,84.0,4.0,187.0,3480.0,84.0,15.0,83.0,23.0,16.0,11.0,13.0,0.0,0.0,32.0,20.0,19.0,32.0,1.0,0.0,28.0,0.0,58.0,956.0,40.0,20.0,15.0,2.0,10.0,213.0,32.0,88.0,22.0,78.0,6.0,4.0,36.0,32.0,376.0,1025.0
cglib-cglib,74.0,205.0,15.0,155.0,5256.0,108.0,41.0,99.0,27.0,11.0,0.0,6.0,1.0,1.0,49.0,49.0,37.0,49.0,3.0,0.0,49.0,0.0,87.0,1269.0,92.0,14.0,32.0,15.0,23.0,158.0,74.0,184.0,41.0,174.0,7.0,35.0,41.0,0.0,540.0,1025.0
jhy-jsoup,51.0,226.0,54.0,164.0,10731.0,147.0,17.0,147.0,19.0,15.0,0.0,10.0,12.0,0.0,21.0,8.0,5.0,17.0,6.0,0.0,8.0,0.0,266.0,1272.0,133.0,32.0,28.0,5.0,13.0,724.0,216.0,383.0,36.0,368.0,5.0,5.0,37.0,5.0,4763.0,1025.0
quarkusio-quarkus,140.0,402.0,20.0,401.0,80200.0,402.0,84.0,402.0,38.0,23.0,61.0,6.0,4.0,6.0,80.0,80.0,53.0,37.0,13.0,0.0,80.0,0.0,224.0,1616.0,400.0,55.0,54.0,49.0,16.0,505.0,262.0,333.0,40.0,282.0,9.0,58.0,44.0,113.0,451.0,1025.0
apache-beam,181.0,224.0,44.0,396.0,11476.0,224.0,69.0,224.0,39.0,11.0,6.0,23.0,11.0,13.0,72.0,52.0,48.0,63.0,19.0,0.0,62.0,0.0,951.0,4240.0,101.0,64.0,36.0,24.0,48.0,1101.0,937.0,1090.0,85.0,1090.0,7.0,121.0,61.0,50.0,1025.0,1025.0
square-android-times-square,27.0,132.0,4.0,118.0,921.0,50.0,9.0,39.0,21.0,4.0,0.0,0.0,0.0,0.0,38.0,7.0,0.0,30.0,0.0,0.0,10.0,0.0,60.0,767.0,33.0,21.0,27.0,12.0,13.0,38.0,254.0,123.0,17.0,100.0,6.0,16.0,9.0,0.0,406.0,16.0
knowm-XChange,59.0,323.0,8.0,239.0,51037.0,323.0,34.0,323.0,12.0,22.0,15.0,4.0,10.0,5.0,279.0,277.0,275.0,161.0,47.0,0.0,279.0,0.0,279.0,1618.0,162.0,17.0,21.0,19.0,59.0,554.0,100.0,289.0,34.0,285.0,5.0,5.0,8.0,20.0,355.0,1025.0
jankotek-mapdb,66.0,259.0,54.0,192.0,5050.0,101.0,59.0,99.0,3.0,20.0,9.0,17.0,3.0,0.0,42.0,41.0,29.0,12.0,32.0,0.0,37.0,0.0,98.0,1374.0,75.0,68.0,41.0,114.0,166.0,220.0,258.0,267.0,138.0,254.0,5.0,26.0,24.0,80.0,790.0,1025.0
apache-mahout,51.0,387.0,17.0,100.0,2141.0,67.0,66.0,61.0,37.0,27.0,0.0,6.0,7.0,10.0,47.0,47.0,47.0,38.0,13.0,0.0,47.0,0.0,187.0,1709.0,68.0,110.0,25.0,14.0,150.0,473.0,3014.0,739.0,539.0,349.0,7.0,72.0,16.0,0.0,394.0,1025.0
apache-maven-site-plugin,42.0,91.0,6.0,100.0,188.0,21.0,6.0,10.0,9.0,9.0,0.0,3.0,0.0,0.0,14.0,3.0,3.0,11.0,7.0,0.0,5.0,0.0,12.0,536.0,23.0,7.0,10.0,10.0,9.0,91.0,5.0,49.0,31.0,52.0,5.0,1.0,2.0,0.0,331.0,1025.0
web3j-web3j,197.0,202.0,31.0,203.0,2080.0,86.0,33.0,85.0,35.0,28.0,4.0,4.0,7.0,3.0,30.0,30.0,30.0,28.0,6.0,0.0,30.0,0.0,226.0,1601.0,112.0,20.0,7.0,10.0,135.0,864.0,103.0,199.0,71.0,178.0,4.0,31.0,10.0,21.0,310.0,1025.0
apache-nifi,342.0,873.0,19.0,1988.0,35543.0,354.0,82.0,283.0,88.0,46.0,19.0,34.0,23.0,20.0,246.0,246.0,245.0,77.0,21.0,0.0,246.0,0.0,249.0,4430.0,322.0,186.0,156.0,99.0,57.0,1454.0,527.0,939.0,144.0,906.0,10.0,44.0,21.0,240.0,744.0,1025.0
apache-mina-sshd,78.0,455.0,13.0,369.0,10111.0,143.0,88.0,88.0,18.0,137.0,27.0,20.0,53.0,10.0,218.0,218.0,218.0,17.0,59.0,0.0,218.0,0.0,281.0,2223.0,140.0,26.0,47.0,76.0,127.0,233.0,1382.0,388.0,96.0,330.0,9.0,23.0,22.0,16.0,663.0,1025.0
apache-maven-surefire,101.0,537.0,7.0,409.0,27508.0,236.0,27.0,110.0,90.0,27.0,0.0,23.0,10.0,8.0,77.0,28.0,28.0,72.0,5.0,0.0,28.0,0.0,139.0,3078.0,171.0,20.0,57.0,17.0,123.0,899.0,290.0,347.0,84.0,343.0,6.0,22.0,21.0,3.0,985.0,1025.0
apache-groovy,301.0,1685.0,107.0,768.0,415410.0,912.0,912.0,881.0,275.0,79.0,10.0,17.0,39.0,15.0,221.0,221.0,217.0,58.0,25.0,0.0,221.0,0.0,1110.0,5982.0,1025.0,227.0,202.0,52.0,600.0,1329.0,1932.0,1055.0,224.0,824.0,10.0,36.0,17.0,72.0,1532.0,1025.0
apache-log4j,33.0,223.0,11.0,102.0,4743.0,123.0,97.0,122.0,10.0,17.0,0.0,4.0,8.0,7.0,37.0,33.0,20.0,16.0,11.0,0.0,33.0,0.0,275.0,833.0,54.0,23.0,26.0,10.0,23.0,325.0,133.0,190.0,45.0,190.0,8.0,5.0,8.0,0.0,447.0,1025.0
apache-sling-org-apache-sling-testing-sling-mock,40.0,59.0,3.0,51.0,374.0,32.0,9.0,25.0,8.0,9.0,0.0,1.0,15.0,1.0,15.0,10.0,1.0,10.0,11.0,0.0,10.0,0.0,14.0,424.0,23.0,9.0,16.0,16.0,12.0,109.0,30.0,57.0,16.0,55.0,5.0,3.0,4.0,4.0,258.0,1025.0
apache-drill,88.0,394.0,52.0,251.0,64757.0,393.0,48.0,390.0,34.0,25.0,3.0,23.0,9.0,19.0,532.0,532.0,531.0,61.0,21.0,0.0,530.0,0.0,1164.0,5008.0,248.0,137.0,145.0,101.0,185.0,1699.0,959.0,571.0,579.0,532.0,9.0,21.0,133.0,58.0,869.0,1025.0
jboss-switchyard-release,49.0,86.0,9.0,116.0,258.0,70.0,16.0,70.0,10.0,10.0,0.0,4.0,2.0,2.0,49.0,49.0,49.0,33.0,3.0,0.0,49.0,0.0,125.0,588.0,64.0,19.0,18.0,11.0,10.0,170.0,25.0,71.0,26.0,58.0,7.0,4.0,6.0,0.0,247.0,1025.0
apache-kylin,188.0,582.0,12.0,359.0,115951.0,490.0,103.0,472.0,29.0,34.0,2.0,14.0,31.0,10.0,76.0,61.0,61.0,39.0,27.0,0.0,61.0,0.0,326.0,4326.0,517.0,59.0,47.0,31.0,27.0,875.0,5713.0,265.0,131.0,223.0,8.0,28.0,20.0,21.0,923.0,1025.0
mrniko-netty-socketio,37.0,77.0,5.0,76.0,2550.0,73.0,6.0,72.0,12.0,3.0,0.0,1.0,1.0,0.0,35.0,15.0,14.0,35.0,7.0,0.0,15.0,0.0,12.0,316.0,36.0,12.0,24.0,4.0,19.0,27.0,53.0,64.0,24.0,54.0,5.0,5.0,5.0,0.0,269.0,1025.0
apache-sling-org-apache-sling-event,51.0,106.0,3.0,104.0,514.0,37.0,9.0,37.0,9.0,8.0,0.0,1.0,0.0,21.0,33.0,17.0,15.0,27.0,5.0,0.0,17.0,0.0,44.0,576.0,41.0,18.0,26.0,9.0,6.0,261.0,146.0,74.0,20.0,63.0,11.0,13.0,2.0,0.0,295.0,1025.0
apache-kafka,362.0,339.0,19.0,479.0,22239.0,234.0,78.0,233.0,121.0,21.0,39.0,13.0,13.0,61.0,148.0,142.0,82.0,146.0,19.0,0.0,143.0,0.0,875.0,3434.0,229.0,58.0,46.0,95.0,96.0,731.0,2114.0,633.0,290.0,610.0,9.0,38.0,18.0,235.0,1298.0,1025.0
google-j2objc,189.0,712.0,37.0,175.0,20910.0,205.0,113.0,197.0,78.0,20.0,4.0,32.0,61.0,39.0,228.0,228.0,228.0,49.0,10.0,0.0,228.0,0.0,810.0,12029.0,311.0,265.0,176.0,200.0,325.0,2741.0,7086.0,941.0,470.0,835.0,8.0,73.0,157.0,200.0,6020.0,1025.0
pmd-pmd,390.0,294.0,11.0,222.0,26034.0,229.0,26.0,227.0,27.0,14.0,1.0,28.0,23.0,2.0,56.0,56.0,23.0,43.0,12.0,0.0,56.0,0.0,128.0,1285.0,231.0,28.0,38.0,24.0,105.0,649.0,285.0,177.0,59.0,167.0,10.0,15.0,10.0,33.0,391.0,1025.0
bumptech-glide,124.0,146.0,20.0,138.0,2726.0,90.0,26.0,82.0,20.0,5.0,0.0,4.0,30.0,18.0,47.0,27.0,8.0,47.0,36.0,0.0,27.0,0.0,240.0,971.0,116.0,19.0,40.0,9.0,75.0,489.0,506.0,211.0,111.0,130.0,5.0,13.0,6.0,0.0,520.0,1025.0
kijiproject-kiji-bento,13.0,39.0,2.0,71.0,57.0,14.0,3.0,3.0,11.0,0.0,0.0,0.0,0.0,2.0,8.0,4.0,1.0,8.0,0.0,0.0,6.0,0.0,12.0,280.0,23.0,3.0,8.0,5.0,0.0,66.0,20.0,50.0,15.0,46.0,3.0,1.0,0.0,0.0,274.0,17.0
checkstyle-checkstyle,38.0,658.0,19.0,101.0,4753.0,98.0,25.0,50.0,98.0,24.0,2.0,4.0,21.0,1.0,182.0,182.0,181.0,25.0,4.0,0.0,182.0,0.0,106.0,65541.0,66.0,36.0,55.0,39.0,59.0,65792.0,245.0,376.0,255.0,182.0,8.0,17.0,26.0,50.0,505.0,1025.0
oracle-spacewalk-backend,136.0,459.0,11.0,471.0,13510.0,165.0,163.0,156.0,23.0,17.0,0.0,11.0,11.0,4.0,93.0,91.0,90.0,57.0,25.0,0.0,91.0,0.0,338.0,2508.0,173.0,55.0,47.0,34.0,60.0,634.0,153.0,489.0,114.0,439.0,8.0,15.0,3.0,0.0,980.0,1025.0
oracle-spacewalk-utils,136.0,459.0,11.0,471.0,13510.0,165.0,163.0,156.0,23.0,17.0,0.0,11.0,11.0,4.0,93.0,91.0,90.0,57.0,25.0,0.0,91.0,0.0,338.0,2508.0,173.0,55.0,47.0,34.0,60.0,634.0,153.0,489.0,114.0,439.0,8.0,15.0,3.0,0.0,980.0,1025.0
sofastack-sofa-rpc,53.0,136.0,6.0,141.0,2399.0,71.0,23.0,71.0,13.0,21.0,0.0,14.0,3.0,3.0,226.0,226.0,221.0,26.0,28.0,0.0,225.0,0.0,97.0,705.0,77.0,18.0,52.0,23.0,69.0,234.0,2074.0,241.0,97.0,235.0,7.0,7.0,15.0,13.0,201.0,1025.0
apacheaccumulo,145.0,389.0,31.0,357.0,4233.0,115.0,38.0,110.0,20.0,15.0,13.0,16.0,9.0,15.0,59.0,59.0,59.0,55.0,8.0,0.0,59.0,0.0,773.0,37239.0,183.0,81.0,56.0,62.0,46.0,1354.0,527.0,389.0,390.0,305.0,8.0,36.0,416.0,86.0,661.0,1025.0
oracle-helidon,71.0,261.0,28.0,186.0,3240.0,81.0,48.0,71.0,31.0,25.0,40.0,28.0,23.0,10.0,49.0,28.0,22.0,39.0,11.0,0.0,49.0,0.0,249.0,1245.0,87.0,21.0,29.0,50.0,36.0,504.0,423.0,229.0,77.0,173.0,7.0,16.0,35.0,77.0,678.0,1025.0
iSoron-uhabits,32.0,157.0,4.0,87.0,262.0,51.0,22.0,51.0,16.0,10.0,6.0,11.0,5.0,29.0,62.0,26.0,17.0,43.0,41.0,0.0,22.0,0.0,103.0,805.0,35.0,12.0,50.0,8.0,66.0,57.0,612.0,166.0,60.0,115.0,5.0,5.0,5.0,10.0,363.0,1025.0
ionic-team-capacitor,65.0,144.0,4.0,140.0,1341.0,58.0,15.0,52.0,18.0,17.0,0.0,0.0,0.0,0.0,31.0,23.0,23.0,25.0,3.0,0.0,23.0,0.0,32.0,608.0,46.0,12.0,26.0,11.0,13.0,99.0,25.0,99.0,29.0,87.0,5.0,5.0,5.0,12.0,376.0,17.0
oracle-spacewalk-schema,136.0,459.0,11.0,471.0,13510.0,165.0,163.0,156.0,23.0,17.0,0.0,11.0,11.0,4.0,93.0,91.0,90.0,57.0,25.0,0.0,91.0,0.0,338.0,2508.0,173.0,55.0,47.0,34.0,60.0,634.0,153.0,489.0,114.0,439.0,8.0,15.0,3.0,0.0,980.0,1025.0
apache-commons-lang,127.0,1077.0,19.0,305.0,62510.0,361.0,360.0,356.0,30.0,87.0,3.0,3.0,14.0,11.0,106.0,106.0,99.0,30.0,4.0,0.0,106.0,0.0,2898.0,5690.0,606.0,125.0,272.0,15.0,92.0,3322.0,4310.0,789.0,279.0,570.0,9.0,74.0,79.0,162.0,1057.0,1025.0
javaparser-javaparser,416.0,3478.0,17.0,696.0,197254.0,629.0,36.0,312.0,500.0,18.0,34.0,13.0,122.0,1.0,127.0,109.0,108.0,22.0,14.0,0.0,109.0,0.0,1038.0,8583.0,1320.0,164.0,230.0,50.0,476.0,530.0,2964.0,1781.0,445.0,650.0,15.0,7.0,15.0,213.0,1790.0,1025.0
google-guava,299.0,1401.0,134.0,423.0,980700.0,1401.0,92.0,1401.0,118.0,33.0,5.0,13.0,29.0,8.0,134.0,129.0,129.0,22.0,6.0,0.0,131.0,0.0,729.0,5606.0,133.0,95.0,118.0,236.0,108.0,754.0,669.0,1400.0,136.0,1400.0,9.0,413.0,74.0,48.0,728.0,1025.0
apache-directory-ldap-api,141.0,2744.0,18.0,368.0,10725.0,163.0,76.0,151.0,32.0,9.0,0.0,2.0,13.0,32.0,1016.0,1016.0,1016.0,59.0,23.0,0.0,1016.0,0.0,223.0,4850.0,151.0,47.0,123.0,63.0,293.0,1028.0,3464.0,1016.0,194.0,1016.0,8.0,39.0,17.0,23.0,567.0,1025.0
bkromhout-realm-java,107.0,381.0,5.0,388.0,8937.0,170.0,44.0,140.0,65.0,28.0,0.0,14.0,8.0,4.0,47.0,24.0,24.0,25.0,4.0,0.0,23.0,0.0,150.0,2762.0,96.0,30.0,52.0,253.0,270.0,658.0,863.0,392.0,167.0,361.0,5.0,89.0,10.0,0.0,551.0,1025.0
facebook-litho,115.0,710.0,28.0,554.0,21945.0,233.0,93.0,210.0,122.0,51.0,1.0,97.0,25.0,18.0,97.0,57.0,57.0,88.0,24.0,0.0,61.0,0.0,487.0,4548.0,172.0,144.0,117.0,11.0,53.0,449.0,1319.0,944.0,133.0,908.0,6.0,60.0,17.0,20.0,806.0,1025.0
apache-hbase,449.0,1013.0,91.0,879.0,32601.0,286.0,171.0,219.0,72.0,50.0,183.0,47.0,12.0,23.0,381.0,381.0,380.0,72.0,50.0,0.0,381.0,0.0,888.0,49162.0,276.0,105.0,131.0,114.0,145.0,874.0,2228.0,1657.0,229.0,1259.0,9.0,177.0,658.0,480.0,1678.0,1025.0
apache-avro,142.0,388.0,127.0,328.0,4731.0,115.0,26.0,112.0,30.0,31.0,2.0,21.0,4.0,7.0,61.0,61.0,26.0,47.0,14.0,0.0,61.0,0.0,222.0,2059.0,166.0,25.0,109.0,16.0,204.0,572.0,331.0,258.0,90.0,160.0,9.0,5.0,54.0,37.0,416.0,1025.0
Twitter4J-Twitter4J,73.0,328.0,5.0,174.0,31550.0,252.0,19.0,233.0,18.0,53.0,0.0,13.0,54.0,10.0,54.0,54.0,5.0,54.0,9.0,0.0,54.0,0.0,90.0,2640.0,257.0,29.0,21.0,16.0,44.0,756.0,162.0,154.0,210.0,75.0,8.0,154.0,2.0,2.0,357.0,1025.0
google-error-prone-javac,59.0,2048.0,127.0,238.0,2096128.0,2048.0,44.0,94.0,37.0,14.0,1.0,7.0,7.0,2.0,2048.0,59.0,57.0,17.0,6.0,0.0,59.0,0.0,122.0,4212.0,100.0,95.0,45.0,38.0,54.0,1766.0,4202.0,289.0,371.0,2048.0,16.0,40.0,156.0,278.0,4098.0,1025.0
permissions-dispatcher-PermissionsDispatcher,12.0,85.0,4.0,18.0,3570.0,85.0,6.0,85.0,3.0,3.0,0.0,3.0,2.0,0.0,86.0,86.0,85.0,3.0,0.0,0.0,86.0,0.0,2.0,5679.0,12.0,4.0,3.0,2.0,0.0,27.0,15.0,86.0,1.0,86.0,2.0,85.0,2.0,0.0,138.0,1025.0
google-gson,39.0,359.0,8.0,89.0,8256.0,129.0,21.0,124.0,16.0,2.0,0.0,2.0,7.0,2.0,52.0,52.0,52.0,41.0,0.0,0.0,52.0,0.0,50.0,1558.0,82.0,18.0,130.0,90.0,28.0,359.0,127.0,299.0,90.0,157.0,7.0,38.0,21.0,0.0,482.0,1025.0
square-wire,59.0,314.0,8.0,214.0,1613.0,63.0,12.0,23.0,39.0,1.0,0.0,0.0,0.0,0.0,206.0,69.0,204.0,12.0,0.0,0.0,206.0,0.0,65.0,3036.0,106.0,42.0,11.0,5.0,54.0,458.0,381.0,483.0,273.0,213.0,4.0,2.0,9.0,0.0,348.0,17.0
JodaOrg-joda-time,79.0,203.0,17.0,200.0,6811.0,131.0,58.0,123.0,50.0,23.0,0.0,50.0,37.0,2.0,40.0,40.0,40.0,39.0,1.0,0.0,40.0,0.0,462.0,1628.0,142.0,97.0,121.0,53.0,62.0,502.0,2067.0,353.0,195.0,297.0,6.0,21.0,13.0,0.0,573.0,1025.0
joelittlejohn-jsonschema2pojo,51.0,147.0,5.0,130.0,8375.0,131.0,18.0,130.0,20.0,18.0,1.0,5.0,7.0,2.0,80.0,80.0,74.0,70.0,3.0,0.0,80.0,0.0,110.0,633.0,72.0,17.0,13.0,10.0,19.0,203.0,68.0,119.0,15.0,118.0,5.0,3.0,7.0,7.0,487.0,1025.0
oracle-spacewalk-java,136.0,459.0,11.0,471.0,13510.0,165.0,163.0,156.0,23.0,17.0,0.0,11.0,11.0,4.0,93.0,91.0,90.0,57.0,25.0,0.0,91.0,0.0,338.0,2508.0,173.0,55.0,47.0,34.0,60.0,634.0,153.0,489.0,114.0,439.0,8.0,15.0,3.0,0.0,980.0,1025.0
apache-archiva,86.0,341.0,5.0,339.0,3965.0,94.0,20.0,80.0,44.0,33.0,7.0,6.0,8.0,3.0,48.0,42.0,40.0,28.0,18.0,0.0,42.0,0.0,181.0,1997.0,93.0,87.0,22.0,87.0,23.0,496.0,152.0,601.0,241.0,525.0,9.0,5.0,4.0,83.0,411.0,1025.0
apache-commons-net,28.0,286.0,8.0,177.0,9713.0,143.0,21.0,115.0,12.0,13.0,0.0,7.0,14.0,13.0,76.0,76.0,74.0,34.0,9.0,0.0,76.0,0.0,82.0,1373.0,178.0,13.0,37.0,18.0,38.0,258.0,931.0,179.0,54.0,124.0,8.0,3.0,4.0,0.0,1134.0,1025.0
jenkinsci-jenkins,138.0,406.0,105.0,308.0,13693.0,166.0,152.0,162.0,31.0,17.0,10.0,13.0,17.0,10.0,39.0,31.0,18.0,30.0,10.0,0.0,34.0,0.0,192.0,2153.0,226.0,55.0,72.0,35.0,32.0,1542.0,262.0,229.0,66.0,218.0,10.0,21.0,62.0,26.0,1019.0,1025.0
oblac-jodd,87.0,887.0,27.0,209.0,19701.0,199.0,199.0,199.0,27.0,19.0,12.0,4.0,23.0,5.0,231.0,97.0,44.0,54.0,72.0,0.0,97.0,0.0,607.0,2533.0,290.0,98.0,130.0,54.0,64.0,1080.0,1732.0,777.0,246.0,384.0,7.0,69.0,35.0,38.0,562.0,1025.0
apache-bookkeeper,100.0,296.0,144.0,246.0,36065.0,270.0,41.0,269.0,21.0,19.0,27.0,13.0,6.0,23.0,264.0,264.0,261.0,61.0,126.0,0.0,263.0,0.0,216.0,2279.0,257.0,63.0,29.0,50.0,113.0,304.0,562.0,560.0,177.0,474.0,9.0,46.0,41.0,28.0,945.0,1025.0
Flow86-Additional-Buildcraft-Objects-Mod,51.0,55.0,3.0,53.0,68.0,16.0,6.0,15.0,6.0,3.0,0.0,0.0,0.0,0.0,47.0,45.0,46.0,8.0,1.0,0.0,35.0,0.0,29.0,271.0,15.0,7.0,13.0,3.0,9.0,44.0,52.0,93.0,20.0,59.0,5.0,1.0,2.0,0.0,126.0,1025.0
google-truth,57.0,168.0,16.0,174.0,10565.0,146.0,31.0,145.0,32.0,7.0,0.0,12.0,31.0,0.0,31.0,16.0,2.0,16.0,0.0,0.0,16.0,0.0,259.0,1919.0,76.0,17.0,35.0,10.0,14.0,1761.0,603.0,172.0,54.0,168.0,4.0,13.0,10.0,22.0,559.0,1025.0
google-openrtb,84.0,498.0,6.0,448.0,1830.0,61.0,22.0,34.0,6.0,28.0,0.0,1.0,27.0,0.0,8.0,8.0,3.0,7.0,0.0,0.0,8.0,0.0,195.0,1676.0,36.0,79.0,12.0,6.0,4.0,279.0,65.0,103.0,9.0,103.0,5.0,2.0,3.0,29.0,240.0,1025.0
robolectric-robolectric,84.0,562.0,22.0,272.0,16451.0,242.0,91.0,236.0,32.0,145.0,2.0,22.0,28.0,21.0,196.0,168.0,96.0,57.0,15.0,0.0,172.0,0.0,282.0,3068.0,200.0,33.0,66.0,29.0,182.0,547.0,3696.0,597.0,126.0,399.0,7.0,23.0,33.0,24.0,786.0,1025.0
seleniumHQ-selenium,124.0,174.0,28.0,130.0,11935.0,158.0,58.0,157.0,20.0,14.0,6.0,9.0,1.0,11.0,125.0,36.0,57.0,19.0,6.0,0.0,36.0,0.0,218.0,946.0,60.0,10.0,15.0,23.0,13.0,279.0,109.0,200.0,69.0,199.0,7.0,50.0,24.0,54.0,1179.0,1025.0
apache-commons-pool,64.0,242.0,23.0,260.0,1916.0,90.0,17.0,75.0,11.0,6.0,2.0,6.0,51.0,8.0,36.0,17.0,17.0,27.0,1.0,0.0,18.0,0.0,112.0,2267.0,59.0,69.0,25.0,92.0,18.0,358.0,568.0,298.0,79.0,250.0,8.0,5.0,14.0,2.0,575.0,1025.0
apache-cordova-android,31.0,99.0,5.0,76.0,528.0,37.0,19.0,36.0,5.0,13.0,0.0,3.0,1.0,2.0,17.0,13.0,11.0,12.0,10.0,0.0,15.0,0.0,12.0,483.0,39.0,20.0,8.0,5.0,4.0,39.0,34.0,82.0,10.0,69.0,5.0,12.0,7.0,0.0,371.0,17.0
