project_name,project_version,agglo_accuracy,bunch_accuracy,algo_choice
cryptomator-cryptomator,1.5.0-beta3,0.9594594594594594,0.22522522522522526,agglo
cryptomator-cryptomator,1.5.0-rc1,0.954954954954955,0.2657657657657657,agglo
cryptomator-cryptomator,1.5.0-rc2,0.954954954954955,0.2702702702702703,agglo
cryptomator-cryptomator,1.5.0-rc3,0.954954954954955,0.25225225225225223,agglo
cryptomator-cryptomator,1.5.1,0.954954954954955,0.2567567567567568,agglo
cryptomator-cryptomator,1.5.2,0.8738738738738738,0.5585585585585586,agglo
cryptomator-cryptomator,1.5.3,0.8693693693693694,0.5810810810810811,agglo
cryptomator-cryptomator,1.5.4,0.8603603603603603,0.572072072072072,agglo
cryptomator-cryptomator,1.5.5,0.8513513513513513,0.5675675675675675,agglo
cryptomator-cryptomator,1.5.6,0.8513513513513513,0.5495495495495495,agglo
dropwizard-dropwizard,v2.0.11,0.8608799048751486,0.5766944114149821,agglo
dropwizard-dropwizard,v2.0.12,0.8596908442330559,0.7086801426872771,agglo
dropwizard-dropwizard,v2.0.2,0.8656361474435197,0.7871581450653984,agglo
dropwizard-dropwizard,v2.0.3,0.8585017835909632,0.595719381688466,agglo
dropwizard-dropwizard,v2.0.4,0.8585017835909632,0.535077288941736,agglo
dropwizard-dropwizard,v2.0.5,0.8585017835909632,0.61474435196195,agglo
dropwizard-dropwizard,v2.0.6,0.8585017835909632,0.5826397146254458,agglo
dropwizard-dropwizard,v2.0.7,0.8585017835909632,0.5980975029726516,agglo
dropwizard-dropwizard,v2.0.8,0.8585017835909632,0.5659928656361475,agglo
dropwizard-dropwizard,v2.0.9,0.8608799048751486,0.6064209274673008,agglo
dropwizard-metrics,v4.1.10.1,0.8791208791208791,0.5201465201465201,agglo
dropwizard-metrics,v4.1.11,0.8791208791208791,0.4725274725274725,agglo
dropwizard-metrics,v4.1.2,0.8827838827838828,0.5494505494505495,agglo
dropwizard-metrics,v4.1.3,0.8827838827838828,0.5934065934065934,agglo
dropwizard-metrics,v4.1.4,0.8754578754578755,0.575091575091575,agglo
dropwizard-metrics,v4.1.5,0.8754578754578755,0.5824175824175823,agglo
dropwizard-metrics,v4.1.6,0.8717948717948718,0.5457875457875458,agglo
dropwizard-metrics,v4.1.7,0.8681318681318682,0.5714285714285714,agglo
dropwizard-metrics,v4.1.8,0.8681318681318682,0.5860805860805861,agglo
dropwizard-metrics,v4.1.9,0.8681318681318682,0.5347985347985348,agglo
evant-gradle-retrolambda,v3.3.0-beta1,0.8695652173913043,0.6956521739130435,agglo
evant-gradle-retrolambda,v3.3.0-beta2,0.8695652173913043,0.6086956521739131,agglo
evant-gradle-retrolambda,v3.3.0-beta3,0.8695652173913043,0.6086956521739131,agglo
evant-gradle-retrolambda,v3.3.0-beta4,0.8695652173913043,0.6521739130434783,agglo
evant-gradle-retrolambda,v3.3.1,0.8695652173913043,0.6956521739130435,agglo
evant-gradle-retrolambda,v3.4.0,0.8695652173913043,0.6086956521739131,agglo
evant-gradle-retrolambda,v3.5.0,0.8695652173913043,0.5652173913043479,agglo
evant-gradle-retrolambda,v3.6.0,0.8695652173913043,0.5217391304347826,agglo
evant-gradle-retrolambda,v3.6.1,0.8695652173913043,0.5217391304347826,agglo
evant-gradle-retrolambda,v3.7.0,0.8695652173913043,0.4347826086956522,agglo
facebook-facebook-android-sdk,sdk-version-5.15.1,0.9004424778761062,0.5575221238938053,agglo
facebook-facebook-android-sdk,sdk-version-5.15.2,0.8960176991150443,0.48893805309734517,agglo
facebook-facebook-android-sdk,sdk-version-5.15.3,0.8960176991150443,0.7146017699115044,agglo
facebook-facebook-android-sdk,sdk-version-5.2.0,0.9004424778761062,0.4823008849557522,agglo
facebook-facebook-android-sdk,sdk-version-5.4.0,0.8982300884955752,0.5685840707964602,agglo
facebook-facebook-android-sdk,sdk-version-5.5.0,0.8982300884955752,0.5619469026548672,agglo
facebook-facebook-android-sdk,sdk-version-5.5.1,0.8982300884955752,0.7433628318584071,agglo
facebook-facebook-android-sdk,sdk-version-5.5.2,0.8982300884955752,0.4911504424778761,agglo
facebook-facebook-android-sdk,sdk-version-5.8.0,0.8893805309734513,0.4977876106194691,agglo
facebook-facebook-android-sdk,sdk-version-5.9.0,0.8893805309734513,0.5309734513274336,agglo
facebook-facebook-java-business-sdk,v3.2.7,0.9865771812080537,0.47986577181208057,agglo
facebook-facebook-java-business-sdk,v3.2.8,0.9697986577181208,0.7432885906040269,agglo
facebook-facebook-java-business-sdk,v3.2.9,0.9681208053691275,0.7365771812080537,agglo
facebook-facebook-java-business-sdk,v3.3.0,0.964765100671141,0.7214765100671141,agglo
facebook-facebook-java-business-sdk,v3.3.1,0.9664429530201343,0.8523489932885906,agglo
facebook-facebook-java-business-sdk,v3.3.2,0.964765100671141,0.7785234899328859,agglo
facebook-facebook-java-business-sdk,v3.3.3,0.964765100671141,0.8104026845637584,agglo
facebook-facebook-java-business-sdk,v3.3.4,0.9614093959731543,0.7953020134228188,agglo
facebook-facebook-java-business-sdk,v3.3.5,0.9664429530201343,0.8422818791946309,agglo
facebook-facebook-java-business-sdk,v3.3.6,0.9664429530201343,0.8154362416107382,agglo
facebook-fresco,v1.14.2,0.8660399529964747,0.4054054054054054,agglo
facebook-fresco,v1.2.0,0.8695652173913043,0.5135135135135135,agglo
facebook-fresco,v1.3.0,0.8566392479435958,0.6944770857814336,agglo
facebook-fresco,v1.4.0,0.8460634547591069,0.5440658049353702,agglo
facebook-fresco,v1.5.0,0.8472385428907168,0.5276145710928319,agglo
facebook-fresco,v1.7.0,0.8401880141010576,0.5041128084606346,agglo
facebook-fresco,v1.7.1,0.8401880141010576,0.6709753231492361,agglo
facebook-fresco,v1.8.0,0.8448883666274971,0.5299647473560517,agglo
facebook-fresco,v1.8.1,0.8448883666274971,0.4911868390129259,agglo
facebook-fresco,v1.9.0,0.8413631022326674,0.5346650998824911,agglo
facebook-litho,v2020.05.11.00,0.895930620413609,0.5970647098065377,agglo
facebook-litho,v2020.05.18.00,0.895263509006004,0.4776517678452301,agglo
facebook-litho,v2020.05.25.00,0.8979319546364243,0.43962641761174115,agglo
facebook-litho,v2020.06.01.00,0.895930620413609,0.7731821214142762,agglo
facebook-litho,v2020.06.08.00,0.8925950633755837,0.42895263509006,agglo
facebook-litho,v2020.06.15.00,0.8945963975983989,0.46697798532354906,agglo
facebook-litho,v2020.06.29.00,0.8925950633755837,0.4369579719813209,agglo
facebook-litho,v2020.07.06.00,0.8925950633755837,0.4956637758505671,agglo
facebook-litho,v2020.07.13.00,0.8945963975983989,0.5290193462308206,agglo
facebook-litho,v2020.07.20.00,0.8932621747831888,0.362241494329553,agglo
facebook-react-native-fbsdk,0.6.1,0.9523809523809523,0.7619047619047619,agglo
facebook-react-native-fbsdk,0.6.2,0.9523809523809523,0.7142857142857143,agglo
facebook-react-native-fbsdk,0.6.3,0.9523809523809523,0.8571428571428572,agglo
facebook-react-native-fbsdk,0.7.0,0.9523809523809523,0.8571428571428572,agglo
facebook-react-native-fbsdk,0.8.0,0.9523809523809523,0.8571428571428572,agglo
facebook-react-native-fbsdk,0.9.0,0.9523809523809523,0.8571428571428572,agglo
facebook-react-native-fbsdk,v0.10.0,0.9523809523809523,0.9047619047619048,agglo
facebook-react-native-fbsdk,v0.10.1,0.9523809523809523,0.8571428571428572,agglo
facebook-react-native-fbsdk,v0.10.2,0.9523809523809523,0.9047619047619048,agglo
facebook-react-native-fbsdk,v0.10.3,0.9523809523809523,0.8571428571428572,agglo
google-cdep,0.8.27,0.8829787234042553,0.6223404255319149,agglo
google-cdep,0.8.28,0.8829787234042553,0.6542553191489362,agglo
google-cdep,0.8.29,0.8829787234042553,0.574468085106383,agglo
google-cdep,0.8.30,0.8829787234042553,0.5372340425531915,agglo
google-cdep,0.8.31,0.8829787234042553,0.5851063829787234,agglo
google-cdep,0.8.5,0.8936170212765957,0.6117021276595744,agglo
google-cdep,0.8.6,0.9095744680851063,0.574468085106383,agglo
google-cdep,0.8.7,0.898936170212766,0.6117021276595744,agglo
google-cdep,0.8.8,0.898936170212766,0.6329787234042553,agglo
google-cdep,0.8.9,0.898936170212766,0.5638297872340425,agglo
google-dagger,dagger-2.28.2,0.8887832699619772,0.4610266159695817,agglo
google-dagger,dagger-2.28.3,0.8868821292775666,0.40494296577946765,agglo
google-dagger,dagger-2.3,0.9600760456273765,0.7946768060836502,agglo
google-dagger,dagger-2.4,0.9619771863117871,0.7946768060836502,agglo
google-dagger,dagger-2.5,0.9610266159695817,0.7557034220532319,agglo
google-dagger,dagger-2.6,0.9572243346007605,0.7633079847908746,agglo
google-dagger,dagger-2.6.1,0.9553231939163498,0.7585551330798479,agglo
google-dagger,dagger-2.7,0.9581749049429658,0.752851711026616,agglo
google-dagger,dagger-2.8,0.9562737642585551,0.7319391634980988,agglo
google-dagger,dagger-2.9,0.9581749049429658,0.6948669201520912,agglo
google-error-prone,v2.1.1,0.9185733512786003,0.32772543741588156,agglo
google-error-prone,v2.1.2,0.9192462987886945,0.34993270524899056,agglo
google-error-prone,v2.1.3,0.9172274562584118,0.3270524899057874,agglo
google-error-prone,v2.2.0,0.9104979811574697,0.3001345895020189,agglo
google-error-prone,v2.3.0,0.8162853297442799,0.4205921938088829,agglo
google-error-prone,v2.3.1,0.8129205921938089,0.417900403768506,agglo
google-error-prone,v2.3.2,0.8082099596231493,0.31292059219380886,agglo
google-error-prone,v2.3.3,0.8183041722745625,0.3041722745625841,agglo
google-error-prone,v2.3.4,0.819650067294751,0.20659488559892325,agglo
google-error-prone,v2.4.0,0.7523553162853298,0.20188425302826385,agglo
google-gitiles,v0.2-9,0.952,0.76,agglo
google-gitiles,v0.3,0.952,0.768,agglo
google-gitiles,v0.3-1,0.952,0.744,agglo
google-gitiles,v0.3-2,0.952,0.752,agglo
google-gitiles,v0.3-3,0.9359999999999999,0.776,agglo
google-gitiles,v0.3-4,0.9359999999999999,0.768,agglo
google-gitiles,v0.3-5,0.9359999999999999,0.768,agglo
google-gitiles,v0.3-6,0.944,0.752,agglo
google-gitiles,v0.3-7,0.9359999999999999,0.752,agglo
google-gitiles,v0.4,0.9359999999999999,0.784,agglo
google-openrtb,1.5.11,0.8181818181818181,0.8636363636363636,bunch
google-openrtb,1.5.12,0.8181818181818181,0.7954545454545454,agglo
google-openrtb,1.5.2,0.8181818181818181,0.8863636363636364,bunch
google-openrtb,1.5.3,0.8181818181818181,0.8181818181818181,bunch
google-openrtb,1.5.4,0.8181818181818181,0.8863636363636364,bunch
google-openrtb,1.5.5,0.8181818181818181,0.9090909090909091,bunch
google-openrtb,1.5.6,0.8181818181818181,0.8863636363636364,bunch
google-openrtb,1.5.7,0.8181818181818181,0.9090909090909091,bunch
google-openrtb,1.5.8,0.8181818181818181,0.8636363636363636,bunch
google-openrtb,1.5.9,0.8181818181818181,0.8863636363636364,bunch
google-openrtb-doubleclick,1.5.14,0.8571428571428572,0.4285714285714286,agglo
google-openrtb-doubleclick,1.5.15,0.8571428571428572,0.4285714285714286,agglo
google-openrtb-doubleclick,1.5.16,0.8571428571428572,0.45238095238095233,agglo
google-openrtb-doubleclick,1.5.3,0.8333333333333334,0.8095238095238095,agglo
google-openrtb-doubleclick,1.5.4,0.8333333333333334,0.7619047619047619,agglo
google-openrtb-doubleclick,1.5.5,0.8571428571428572,0.6428571428571428,agglo
google-openrtb-doubleclick,1.5.6,0.8571428571428572,0.5714285714285714,agglo
google-openrtb-doubleclick,1.5.7,0.8571428571428572,0.6428571428571428,agglo
google-openrtb-doubleclick,1.5.8,0.8571428571428572,0.5952380952380952,agglo
google-openrtb-doubleclick,1.5.9,0.8571428571428572,0.5952380952380952,agglo
grpc-grpc-java,v1.30.1,0.9619852164730729,0.4044350580781415,agglo
grpc-grpc-java,v1.30.2,0.9619852164730729,0.2291446673706441,agglo
grpc-grpc-java,v1.4.0,0.9450897571277719,0.6103484688489969,agglo
grpc-grpc-java,v1.5.0,0.9493136219640972,0.6124604012671595,agglo
grpc-grpc-java,v1.6.1,0.9503695881731784,0.6019007391763463,agglo
grpc-grpc-java,v1.7.0,0.9503695881731784,0.6462513199577613,agglo
grpc-grpc-java,v1.7.1,0.9503695881731784,0.5512143611404435,agglo
grpc-grpc-java,v1.8.0,0.9472016895459345,0.5543822597676875,agglo
grpc-grpc-java,v1.9.0,0.9450897571277719,0.5195353748680043,agglo
grpc-grpc-java,v1.9.1,0.9450897571277719,0.5543822597676875,agglo
havarunner-havarunner,0.8.4,0.9047619047619048,0.38095238095238093,agglo
havarunner-havarunner,0.8.5,0.9047619047619048,0.38095238095238093,agglo
havarunner-havarunner,0.8.6,0.9047619047619048,0.33333333333333337,agglo
havarunner-havarunner,0.8.7,0.9047619047619048,0.3571428571428571,agglo
havarunner-havarunner,0.9.0,0.7857142857142857,0.5,agglo
havarunner-havarunner,0.9.1,0.7380952380952381,0.47619047619047616,agglo
havarunner-havarunner,0.9.2,0.6904761904761905,0.5476190476190477,agglo
havarunner-havarunner,0.9.3,0.6904761904761905,0.5476190476190477,agglo
havarunner-havarunner,0.9.4,0.6904761904761905,0.5952380952380952,agglo
havarunner-havarunner,0.9.5,0.6904761904761905,0.5714285714285714,agglo
iSoron-uhabits,v1.7.11,0.9465875370919882,0.19584569732937684,agglo
iSoron-uhabits,v1.7.2,0.9495548961424333,0.2937685459940653,agglo
iSoron-uhabits,v1.7.3,0.9436201780415431,0.287833827893175,agglo
iSoron-uhabits,v1.7.4,0.9436201780415431,0.2848664688427299,agglo
iSoron-uhabits,v1.7.5,0.9436201780415431,0.35311572700296734,agglo
iSoron-uhabits,v1.7.6,0.8724035608308606,0.7299703264094956,agglo
iSoron-uhabits,v1.7.8,0.8724035608308606,0.5370919881305638,agglo
iSoron-uhabits,v1.7.9,0.8783382789317508,0.7032640949554896,agglo
iSoron-uhabits,v1.8.7,0.9020771513353116,0.49258160237388726,agglo
iSoron-uhabits,v1.8.8,0.8991097922848664,0.5222551928783383,agglo
immutables-immutables,immutables-2.6.0.alpha0,0.8356741573033708,0.7148876404494382,agglo
immutables-immutables,immutables-2.6.1,0.848314606741573,0.6474719101123596,agglo
immutables-immutables,immutables-2.6.2,0.848314606741573,0.6460674157303371,agglo
immutables-immutables,immutables-2.6.3,0.8469101123595506,0.6320224719101124,agglo
immutables-immutables,immutables-2.7.0,0.8384831460674157,0.577247191011236,agglo
immutables-immutables,immutables-2.7.1,0.8384831460674157,0.5688202247191011,agglo
immutables-immutables,immutables-2.7.2,0.8258426966292135,0.651685393258427,agglo
immutables-immutables,immutables-2.7.3,0.8188202247191011,0.6629213483146068,agglo
immutables-immutables,immutables-2.7.4,0.8342696629213483,0.627808988764045,agglo
immutables-immutables,immutables-2.7.5,0.8314606741573034,0.5688202247191011,agglo
ionic-team-capacitor,1.0.0-beta.9,0.8902439024390244,0.6829268292682926,agglo
ionic-team-capacitor,1.1.0,0.8780487804878049,0.5365853658536586,agglo
ionic-team-capacitor,1.1.1,0.8780487804878049,0.6097560975609756,agglo
ionic-team-capacitor,1.2.0,0.8780487804878049,0.6585365853658536,agglo
ionic-team-capacitor,1.2.1,0.8780487804878049,0.6219512195121951,agglo
ionic-team-capacitor,1.3.0,0.8780487804878049,0.6463414634146342,agglo
ionic-team-capacitor,1.4.0,0.8780487804878049,0.6219512195121951,agglo
ionic-team-capacitor,1.5.0,0.8780487804878049,0.6463414634146342,agglo
ionic-team-capacitor,1.5.1,0.8780487804878049,0.7195121951219512,agglo
ionic-team-capacitor,1.5.2,0.8780487804878049,0.5609756097560976,agglo
jankotek-mapdb,mapdb-3.0.0-beta4,0.961038961038961,0.36363636363636365,agglo
jankotek-mapdb,mapdb-3.0.0-beta5,0.9285714285714286,0.7597402597402597,agglo
jankotek-mapdb,mapdb-3.0.1,0.935064935064935,0.7597402597402597,agglo
jankotek-mapdb,mapdb-3.0.2,0.9285714285714286,0.7337662337662338,agglo
jankotek-mapdb,mapdb-3.0.3,0.9285714285714286,0.7532467532467533,agglo
jankotek-mapdb,mapdb-3.0.4,0.9285714285714286,0.7077922077922079,agglo
jankotek-mapdb,mapdb-3.0.5,0.9285714285714286,0.6428571428571428,agglo
jankotek-mapdb,mapdb-3.0.6,0.9285714285714286,0.6883116883116883,agglo
jankotek-mapdb,mapdb-3.0.7,0.935064935064935,0.6688311688311688,agglo
jankotek-mapdb,mapdb-3.0.8,0.922077922077922,0.7077922077922079,agglo
java-native-accessjna,3.5.1,0.9186991869918699,-0.05691056910569103,agglo
java-native-accessjna,3.5.2,0.926829268292683,-0.1869918699186992,agglo
javafunk-funk,funk-0.1.24,0.9589552238805971,0.32089552238805974,agglo
javafunk-funk,funk-0.1.25,0.9589552238805971,0.26119402985074625,agglo
javafunk-funk,funk-0.1.3,0.9552238805970149,0.835820895522388,agglo
javafunk-funk,funk-0.1.4,0.9589552238805971,0.8097014925373134,agglo
javafunk-funk,funk-0.1.5,0.9589552238805971,0.8283582089552239,agglo
javafunk-funk,funk-0.1.6,0.9589552238805971,0.7873134328358209,agglo
javafunk-funk,funk-0.1.7,0.9328358208955224,0.6231343283582089,agglo
javafunk-funk,funk-0.1.8,0.8917910447761194,0.708955223880597,agglo
javafunk-funk,funk-0.1.9,0.8992537313432836,0.664179104477612,agglo
javafunk-funk,funk-0.2.0,0.9626865671641791,0.3619402985074627,agglo
javaparser-javaparser,javaparser-parent-3.6.9,0.8606856309263311,0.3610503282275711,agglo
javaparser-javaparser,javaparser-parent-3.7.0,0.8606856309263311,0.34719183078045224,agglo
javaparser-javaparser,javaparser-parent-3.7.1,0.8599562363238512,0.5193289569657185,agglo
javaparser-javaparser,javaparser-parent-3.8.0,0.8570386579139314,0.4142961342086069,agglo
javaparser-javaparser,javaparser-parent-3.8.1,0.8592268417213713,0.47337709700948216,agglo
javaparser-javaparser,javaparser-parent-3.8.2,0.8584974471188913,0.42815463165572576,agglo
javaparser-javaparser,javaparser-parent-3.8.3,0.8584974471188913,0.2654996353026987,agglo
javaparser-javaparser,javaparser-parent-3.9.0,0.8584974471188913,0.33770970094821295,agglo
javaparser-javaparser,javaparser-parent-3.9.1,0.8519328956965718,0.28884026258205686,agglo
javaparser-javaparser,v3.13.10,0.8599562363238512,0.2822757111597374,agglo
jboss-switchyard-release,1.1.1-p2,0.9341317365269461,0.4850299401197605,agglo
jboss-switchyard-release,1.1.1-p3,0.9341317365269461,0.5269461077844311,agglo
jboss-switchyard-release,1.1.1-p4,0.9341317365269461,0.5149700598802396,agglo
jboss-switchyard-release,1.1.1-p5,0.9341317365269461,0.4970059880239521,agglo
jboss-switchyard-release,1.1.1-p5-2,0.9341317365269461,0.5209580838323353,agglo
jboss-switchyard-release,1.1.1-p5-3,0.9341317365269461,0.5269461077844311,agglo
jboss-switchyard-release,1.1.1-p6,0.8802395209580838,0.7904191616766467,agglo
jboss-switchyard-release,1.1.1-p7,0.8802395209580838,0.8143712574850299,agglo
jboss-switchyard-release,1.1.1-p8,0.8802395209580838,0.7784431137724551,agglo
jboss-switchyard-release,1.1.1-p9,0.8802395209580838,0.7485029940119761,agglo
jenkinsci-jenkins,jenkins-2.90,0.9135209334248455,0.4015099519560741,agglo
jenkinsci-jenkins,jenkins-2.91,0.9135209334248455,0.4248455730954015,agglo
jenkinsci-jenkins,jenkins-2.92,0.91283459162663,0.4070006863417982,agglo
jenkinsci-jenkins,jenkins-2.93,0.9162663006177076,0.4934797529169527,agglo
jenkinsci-jenkins,jenkins-2.94,0.9142072752230611,0.3980782429649966,agglo
jenkinsci-jenkins,jenkins-2.95,0.9142072752230611,0.5525051475634866,agglo
jenkinsci-jenkins,jenkins-2.96,0.9162663006177076,0.3857240905971173,agglo
jenkinsci-jenkins,jenkins-2.97,0.9162663006177076,0.4866163349347975,agglo
jenkinsci-jenkins,jenkins-2.98,0.9162663006177076,0.3534660260809883,agglo
jenkinsci-jenkins,jenkins-2.99,0.9162663006177076,0.4138641043239534,agglo
jhy-jsoup,jsoup-1.7.1,0.858974358974359,0.4871794871794872,agglo
jhy-jsoup,jsoup-1.7.2,0.8717948717948718,0.5128205128205128,agglo
jhy-jsoup,jsoup-1.7.3,0.8717948717948718,0.5,agglo
jhy-jsoup,jsoup-1.8.1.a,0.8717948717948718,0.4871794871794872,agglo
jhy-jsoup,jsoup-1.8.2,0.8717948717948718,0.46153846153846156,agglo
jhy-jsoup,jsoup-1.8.3,0.8717948717948718,0.4871794871794872,agglo
jhy-jsoup,jsoup-1.8.3a,0.858974358974359,0.47435897435897434,agglo
jhy-jsoup,jsoup-1.9.1,0.8717948717948718,0.5512820512820513,agglo
jhy-jsoup,jsoup-1.9.1a,0.858974358974359,0.46153846153846156,agglo
jhy-jsoup,jsoup-1.9.2,0.8333333333333334,0.5384615384615384,agglo
joelittlejohn-jsonschema2pojo,jsonschema2pojo-0.4.36,0.8971428571428571,0.4971428571428571,agglo
joelittlejohn-jsonschema2pojo,jsonschema2pojo-0.4.37,0.8971428571428571,0.5314285714285714,agglo
joelittlejohn-jsonschema2pojo,jsonschema2pojo-0.4.4,0.8914285714285715,0.7885714285714286,agglo
joelittlejohn-jsonschema2pojo,jsonschema2pojo-0.4.5,0.8914285714285715,0.7657142857142857,agglo
joelittlejohn-jsonschema2pojo,jsonschema2pojo-0.4.6,0.8857142857142857,0.7828571428571429,agglo
joelittlejohn-jsonschema2pojo,jsonschema2pojo-0.4.7,0.8857142857142857,0.7771428571428571,agglo
joelittlejohn-jsonschema2pojo,jsonschema2pojo-0.4.8,0.8742857142857143,0.8114285714285714,agglo
joelittlejohn-jsonschema2pojo,jsonschema2pojo-0.4.9,0.8742857142857143,0.7428571428571429,agglo
joelittlejohn-jsonschema2pojo,jsonschema2pojo-0.5.0,0.9085714285714286,0.4285714285714286,agglo
joelittlejohn-jsonschema2pojo,jsonschema2pojo-0.5.1,0.9028571428571428,0.46285714285714286,agglo
kijiproject-kiji-bento,kiji-bento-root-1.2.3,0.6666666666666667,0.5555555555555556,agglo
kijiproject-kiji-bento,kiji-bento-root-1.2.4,0.6666666666666667,0.5555555555555556,agglo
kijiproject-kiji-bento,kiji-bento-root-1.2.5,0.6666666666666667,0.5555555555555556,agglo
kijiproject-kiji-bento,kiji-bento-root-1.2.6,0.6666666666666667,0.5555555555555556,agglo
kijiproject-kiji-bento,kiji-bento-root-1.2.7,0.6666666666666667,0.5555555555555556,agglo
kijiproject-kiji-bento,kiji-bento-root-1.3.0,0.6666666666666667,0.5555555555555556,agglo
kijiproject-kiji-bento,kiji-bento-root-1.4.0,0.6666666666666667,0.5555555555555556,agglo
kijiproject-kiji-bento,kiji-bento-root-1.4.1,0.6666666666666667,0.5555555555555556,agglo
kijiproject-kiji-bento,kiji-bento-root-1.4.2,0.6666666666666667,0.5555555555555556,agglo
kijiproject-kiji-bento,kiji-bento-root-1.4.3,0.6666666666666667,0.5555555555555556,agglo
knowm-XChange,xchange-4.3.3,0.9576656302320019,0.5159052858167903,agglo
knowm-XChange,xchange-4.3.4,0.9607749342262617,0.4807462329586223,agglo
knowm-XChange,xchange-4.3.5,0.9602965797656063,0.5613489595790481,agglo
knowm-XChange,xchange-4.3.6,0.959818225304951,0.4680698397512557,agglo
knowm-XChange,xchange-4.3.7,0.960535756995934,0.4534800287012677,agglo
knowm-XChange,xchange-4.3.8,0.960535756995934,0.6010523798134417,agglo
knowm-XChange,xchange-4.3.9,0.962688352068883,0.45156661085864624,agglo
knowm-XChange,xchange-4.4.0,0.9595790480746234,0.27074862473092565,agglo
knowm-XChange,xchange-4.4.1,0.9533604400861038,0.26907438411863194,agglo
knowm-XChange,xchange-4.4.2,0.9547955034680699,0.31810571633580487,agglo
lettuce-io-lettuce-core,5.1.5.RELEASE,0.9178947368421053,0.3705263157894737,agglo
lettuce-io-lettuce-core,5.1.6.RELEASE,0.92,0.35684210526315785,agglo
lettuce-io-lettuce-core,5.1.7.RELEASE,0.92,0.3357894736842105,agglo
lettuce-io-lettuce-core,5.1.8.RELEASE,0.9126315789473685,0.36736842105263157,agglo
lettuce-io-lettuce-core,5.2.0.RELEASE,0.9031578947368422,0.40315789473684216,agglo
lettuce-io-lettuce-core,5.2.1.RELEASE,0.9042105263157895,0.42105263157894735,agglo
lettuce-io-lettuce-core,5.2.2.RELEASE,0.8831578947368421,0.6136842105263158,agglo
lettuce-io-lettuce-core,5.3.0.RELEASE,0.8873684210526316,0.5610526315789474,agglo
lettuce-io-lettuce-core,5.3.1.RELEASE,0.8831578947368421,0.4536842105263158,agglo
lettuce-io-lettuce-core,5.3.2.RELEASE,0.8821052631578947,0.5147368421052632,agglo
mockito-mockito,v3.3.6,0.8411428571428572,0.4068571428571428,agglo
mockito-mockito,v3.3.7,0.8411428571428572,0.4525714285714286,agglo
mockito-mockito,v3.3.8,0.8411428571428572,0.4742857142857143,agglo
mockito-mockito,v3.3.9,0.8411428571428572,0.6251428571428572,agglo
mockito-mockito,v3.4.0,0.84,0.5131428571428571,agglo
mockito-mockito,v3.4.1,0.84,0.48571428571428577,agglo
mockito-mockito,v3.4.2,0.8411428571428572,0.5108571428571429,agglo
mockito-mockito,v3.4.3,0.8411428571428572,0.4445714285714286,agglo
mockito-mockito,v3.4.4,0.84,0.47085714285714286,agglo
mockito-mockito,v3.4.5,0.84,0.5897142857142856,agglo
mybatis-mybatis-3,mybatis-3.4.3,0.8157669237360754,0.47557840616966585,agglo
mybatis-mybatis-3,mybatis-3.4.4,0.8140531276778064,0.44301628106255353,agglo
mybatis-mybatis-3,mybatis-3.4.5,0.8260497000856898,0.480719794344473,agglo
mybatis-mybatis-3,mybatis-3.4.6,0.8243359040274207,0.39331619537275064,agglo
mybatis-mybatis-3,mybatis-3.5.0,0.8234790059982862,0.3676092544987146,agglo
mybatis-mybatis-3,mybatis-3.5.1,0.8114824335904027,0.39674378748928874,agglo
mybatis-mybatis-3,mybatis-3.5.2,0.8131962296486718,0.4070265638389031,agglo
mybatis-mybatis-3,mybatis-3.5.3,0.8011996572407883,0.4053127677806341,agglo
mybatis-mybatis-3,mybatis-3.5.4,0.7960582690659812,0.38646101113967435,agglo
mybatis-mybatis-3,mybatis-3.5.5,0.7917737789203085,0.3941730934018852,agglo
naver-pinpoint,1.7.3-RC1,0.9159891598915989,0.3523035230352304,agglo
naver-pinpoint,1.8.0,0.9198283649503162,0.323170731707317,agglo
naver-pinpoint,1.8.0-RC1,0.9186991869918699,0.3602077687443541,agglo
naver-pinpoint,1.8.1,0.9202800361336947,0.22538392050587175,agglo
naver-pinpoint,1.8.1-RC1,0.9004065040650406,0.3315266485998193,agglo
naver-pinpoint,1.8.2,0.9001806684733514,0.3692411924119241,agglo
naver-pinpoint,1.8.2-RC1,0.8999548328816621,0.34507678410117437,agglo
naver-pinpoint,1.8.3,0.8983739837398375,0.2637759710930443,agglo
naver-pinpoint,1.8.4,0.8936314363143631,0.266260162601626,agglo
naver-pinpoint,1.8.5,0.8929539295392954,0.3428184281842819,agglo
netty-netty,netty-4.1.47.Final,0.9116465863453815,0.3991967871485944,agglo
netty-netty,netty-4.1.48.Final,0.9088353413654618,0.45341365461847394,agglo
netty-netty,netty-4.1.49.Final,0.9080321285140562,0.4072289156626506,agglo
netty-netty,netty-4.1.5.Final,0.9024096385542169,0.8795180722891567,agglo
netty-netty,netty-4.1.50.Final,0.9068273092369478,0.39156626506024095,agglo
netty-netty,netty-4.1.51.Final,0.9096385542168675,0.6381526104417671,agglo
netty-netty,netty-4.1.6.Final,0.9016064257028112,0.5554216867469879,agglo
netty-netty,netty-4.1.7.Final,0.9028112449799197,0.6618473895582329,agglo
netty-netty,netty-4.1.8.Final,0.9036144578313253,0.772289156626506,agglo
netty-netty,netty-4.1.9.Final,0.906425702811245,0.8389558232931726,agglo
oblac-jodd,v3.6.8,0.8537708693149108,0.43811168681635004,agglo
oblac-jodd,v3.7,0.8647092688543465,0.5400115141047783,agglo
oblac-jodd,v3.7.1,0.8549222797927462,0.5624640184225677,agglo
oblac-jodd,v3.8,0.8543465745538285,0.4455958549222798,agglo
oblac-jodd,v3.8.0,0.8543465745538285,0.5561312607944733,agglo
oblac-jodd,v3.8.1,0.8508923431203224,0.5509499136442142,agglo
oblac-jodd,v3.8.5,0.8549222797927462,0.6879677605066206,agglo
oblac-jodd,v3.8.6,0.8554979850316637,0.7374784110535406,agglo
oblac-jodd,v3.9,0.8543465745538285,0.46574553828439835,agglo
oblac-jodd,v3.9.1,0.8566493955094991,0.459412780656304,agglo
openengsb-openengsb,v2.3.1,0.8223684210526316,0.3766447368421053,agglo
openengsb-openengsb,v2.3.2,0.8223684210526316,0.38651315789473684,agglo
openengsb-openengsb,v2.4.0,0.8207236842105263,0.3782894736842105,agglo
openengsb-openengsb,v2.4.1,0.8223684210526316,0.3963815789473685,agglo
openengsb-openengsb,v2.4.2,0.8042763157894737,0.5197368421052632,agglo
openengsb-openengsb,v2.4.3,0.8125,0.4013157894736842,agglo
openengsb-openengsb,v2.4.4,0.8108552631578947,0.4144736842105263,agglo
openengsb-openengsb,v2.4.5,0.8108552631578947,0.4917763157894737,agglo
openengsb-openengsb,v2.5.0,0.7993421052631579,0.3963815789473685,agglo
openengsb-openengsb,v2.5.1,0.8075657894736842,0.3782894736842105,agglo
oracle-oci-java-sdk,v1.7.0,0.9766206163655685,0.42359192348565355,agglo
oracle-oci-java-sdk,v1.8.0,0.9725823591923486,0.35834218916046756,agglo
oracle-oci-java-sdk,v1.8.1,0.9732199787460148,0.2888416578108395,agglo
oracle-oci-java-sdk,v1.8.2,0.9732199787460148,0.5277364505844846,agglo
oracle-oci-java-sdk,v1.9.0,0.9725823591923486,0.2841657810839533,agglo
oracle-oci-java-sdk,v1.9.1,0.9723698193411264,0.3292242295430393,agglo
oracle-oci-java-sdk,v1.9.2,0.9649309245483528,0.26333687566418706,agglo
oracle-oci-java-sdk,v1.9.3,0.9608926673751328,0.26567481402763016,agglo
oracle-oci-java-sdk,v1.9.4,0.9596174282678002,0.4467587672688629,agglo
oracle-oci-java-sdk,v1.9.5,0.9585547290116897,0.3185972369819341,agglo
oracle-opengrok,1.3.15,0.8246318607764391,0.44310575635876837,agglo
oracle-opengrok,1.3.16,0.820615796519411,0.4846050870147256,agglo
oracle-opengrok,1.3.2,0.8246318607764391,0.5970548862115127,agglo
oracle-opengrok,1.3.3,0.8232931726907631,0.7255689424364122,agglo
oracle-opengrok,1.3.4,0.8299866131191432,0.5140562248995983,agglo
oracle-opengrok,1.3.5,0.8273092369477911,0.6693440428380187,agglo
oracle-opengrok,1.3.6,0.8313253012048193,0.5020080321285141,agglo
oracle-opengrok,1.3.7,0.821954484605087,0.6586345381526104,agglo
oracle-opengrok,1.3.8,0.821954484605087,0.48862115127175365,agglo
oracle-opengrok,1.3.9,0.8246318607764391,0.500669344042838,agglo
oracle-spacewalk-java,yum-rhn-plugin-2.8.5-1,0.9009679821295606,0.5886075949367089,agglo
oracle-spacewalk-java,yum-rhn-plugin-2.8.6-1,0.9009679821295606,0.357036485480268,agglo
oracle-spacewalk-java,yum-rhn-plugin-2.8.7-1,0.9009679821295606,0.45830230826507823,agglo
oracle-spacewalk-java,yum-rhn-plugin-2.8.8-1,0.9009679821295606,0.4798957557706627,agglo
oracle-spacewalk-java,yum-rhn-plugin-2.8.9-1,0.9009679821295606,0.49851079672375276,agglo
oracle-spacewalk-java,yum-rhn-plugin-2.9.1-1,0.9013402829486225,0.5450483991064781,agglo
oracle-spacewalk-java,yum-rhn-plugin-2.9.2-1,0.9013402829486225,0.5201042442293373,agglo
oracle-spacewalk-java,yum-rhn-plugin-2.9.3-1,0.9009679821295606,0.45904690990320174,agglo
oracle-spacewalk-java,yum-rhn-plugin-2.9.4-1,0.9005956813104989,0.6269545793000745,agglo
oracle-spacewalk-java,yum-rhn-plugin-2.9.5-1,0.9009679821295606,0.7714072970960536,agglo
permissions-dispatcher-PermissionsDispatcher,2.1.0,0.8181818181818181,0.5757575757575757,agglo
permissions-dispatcher-PermissionsDispatcher,2.1.1,0.8181818181818181,0.6363636363636364,agglo
permissions-dispatcher-PermissionsDispatcher,2.1.2,0.8181818181818181,0.696969696969697,agglo
permissions-dispatcher-PermissionsDispatcher,2.1.3,0.7878787878787878,0.696969696969697,agglo
permissions-dispatcher-PermissionsDispatcher,2.2.0,0.7878787878787878,0.6666666666666667,agglo
permissions-dispatcher-PermissionsDispatcher,2.2.1,0.7878787878787878,0.5454545454545454,agglo
permissions-dispatcher-PermissionsDispatcher,2.3.0,0.7575757575757576,0.6060606060606061,agglo
permissions-dispatcher-PermissionsDispatcher,2.3.1,0.7575757575757576,0.6363636363636364,agglo
permissions-dispatcher-PermissionsDispatcher,2.3.2,0.7575757575757576,0.6666666666666667,agglo
permissions-dispatcher-PermissionsDispatcher,2.4.0,0.7878787878787878,0.6363636363636364,agglo
pxb1988-dex2jar,0.0.9.14,0.9456521739130435,0.15760869565217395,agglo
pxb1988-dex2jar,0.0.9.15,0.9347826086956522,0.15217391304347827,agglo
pxb1988-dex2jar,0.0.9.2,0.9239130434782609,0.5434782608695652,agglo
pxb1988-dex2jar,0.0.9.3,0.9239130434782609,0.5815217391304348,agglo
pxb1988-dex2jar,0.0.9.4,0.875,0.6739130434782609,agglo
pxb1988-dex2jar,0.0.9.5,0.8532608695652174,0.5923913043478262,agglo
pxb1988-dex2jar,0.0.9.6,0.8586956521739131,0.5869565217391304,agglo
pxb1988-dex2jar,0.0.9.7,0.8641304347826086,0.5923913043478262,agglo
pxb1988-dex2jar,0.0.9.8,0.8586956521739131,0.5489130434782609,agglo
pxb1988-dex2jar,0.0.9.9,0.8695652173913043,0.5163043478260869,agglo
quarkusio-quarkus,1.4.0.Final,0.897819660014782,0.4432742054693274,agglo
quarkusio-quarkus,1.4.1.Final,0.8928307464892831,0.6877309682187731,agglo
quarkusio-quarkus,1.4.2.Final,0.8872875092387288,0.48281596452328157,agglo
quarkusio-quarkus,1.5.0.CR1,0.8834072431633407,0.37139689578713964,agglo
quarkusio-quarkus,1.5.0.Final,0.8826681448632668,0.28067257945306723,agglo
quarkusio-quarkus,1.5.1.Final,0.8841463414634146,0.31910569105691056,agglo
quarkusio-quarkus,1.5.2.Final,0.8806356245380635,0.3137472283813747,agglo
quarkusio-quarkus,1.6.0.CR1,0.8834072431633407,0.2557280118255728,agglo
quarkusio-quarkus,1.6.0.Final,0.885439763488544,0.23466371027346633,agglo
quarkusio-quarkus,1.6.1.Final,0.8725055432372506,0.30266075388026603,agglo
raphw-byte-buddy,byte-buddy-1.9.15,0.9110898661567878,0.4474187380497132,agglo
raphw-byte-buddy,byte-buddy-1.9.16,0.9091778202676865,0.7495219885277247,agglo
raphw-byte-buddy,byte-buddy-1.9.2,0.9091778202676865,0.5611854684512428,agglo
raphw-byte-buddy,byte-buddy-1.9.3,0.904397705544933,0.5697896749521989,agglo
raphw-byte-buddy,byte-buddy-1.9.4,0.9034416826003824,0.6500956022944551,agglo
raphw-byte-buddy,byte-buddy-1.9.5,0.9034416826003824,0.5745697896749522,agglo
raphw-byte-buddy,byte-buddy-1.9.6,0.9034416826003824,0.635755258126195,agglo
raphw-byte-buddy,byte-buddy-1.9.7,0.9034416826003824,0.49330783938814526,agglo
raphw-byte-buddy,byte-buddy-1.9.8,0.9015296367112811,0.7896749521988528,agglo
raphw-byte-buddy,byte-buddy-1.9.9,0.9024856596558317,0.6720841300191205,agglo
real-logic-aeron,1.6.0,0.9574944071588367,0.6152125279642058,agglo
real-logic-aeron,1.7.0,0.9619686800894854,0.43400447427293065,agglo
real-logic-aeron,1.8.0,0.9574944071588367,0.4116331096196868,agglo
real-logic-aeron,1.8.1,0.9597315436241611,0.32885906040268453,agglo
real-logic-aeron,1.8.2,0.9530201342281879,0.3937360178970917,agglo
real-logic-aeron,1.9.0,0.9351230425055929,0.46308724832214765,agglo
real-logic-aeron,1.9.1,0.9351230425055929,0.5369127516778524,agglo
real-logic-aeron,1.9.2,0.9373601789709172,0.4720357941834452,agglo
real-logic-aeron,1.9.3,0.9395973154362416,0.5212527964205816,agglo
real-logic-aeron,v1.0.5,0.9530201342281879,0.7919463087248322,agglo
redisson-redisson,redisson-3.7.4,0.9586009992862241,0.8072805139186295,agglo
redisson-redisson,redisson-3.7.5,0.9578872234118487,0.6531049250535332,agglo
redisson-redisson,redisson-3.8.0,0.9593147751605996,0.6059957173447538,agglo
redisson-redisson,redisson-3.8.1,0.9621698786581013,0.5396145610278373,agglo
redisson-redisson,redisson-3.8.2,0.9643112062812277,0.5981441827266238,agglo
redisson-redisson,redisson-3.9.0,0.9635974304068522,0.5396145610278373,agglo
redisson-redisson,redisson-3.9.1,0.9528907922912205,0.6017130620985011,agglo
redisson-redisson,redisson-parent-3.0.0,0.9678800856531049,0.7665952890792291,agglo
redisson-redisson,redisson-parent-3.0.1,0.9671663097787295,0.7737330478229836,agglo
redisson-redisson,redisson-parent-3.11.6,0.9814418272662384,0.28907922912205564,agglo
rest-assured-rest-assured,rest-assured-1.5,0.9351351351351351,0.6324324324324324,agglo
rest-assured-rest-assured,rest-assured-1.6,0.9351351351351351,0.5027027027027027,agglo
rest-assured-rest-assured,rest-assured-1.6.1,0.9243243243243243,0.518918918918919,agglo
rest-assured-rest-assured,rest-assured-1.6.2,0.9297297297297298,0.5027027027027027,agglo
rest-assured-rest-assured,rest-assured-1.7,0.9135135135135135,0.4054054054054054,agglo
rest-assured-rest-assured,rest-assured-1.7.1,0.9189189189189189,0.4162162162162162,agglo
rest-assured-rest-assured,rest-assured-1.7.2,0.9135135135135135,0.42162162162162165,agglo
rest-assured-rest-assured,rest-assured-1.8.0,0.9189189189189189,0.2810810810810811,agglo
rest-assured-rest-assured,rest-assured-1.8.1,0.9081081081081082,0.3189189189189189,agglo
rest-assured-rest-assured,rest-assured-1.9.0,0.9027027027027027,0.2594594594594595,agglo
robolectric-robolectric,robolectric-4.2-rc1,0.8836363636363637,0.5883636363636364,agglo
robolectric-robolectric,robolectric-4.2.1,0.8814545454545455,0.5760000000000001,agglo
robolectric-robolectric,robolectric-4.3,0.8829090909090909,0.517090909090909,agglo
robolectric-robolectric,robolectric-4.3-alpha-1,0.8785454545454545,0.5803636363636364,agglo
robolectric-robolectric,robolectric-4.3-alpha-2,0.8858181818181818,0.5178181818181818,agglo
robolectric-robolectric,robolectric-4.3-alpha-3,0.8829090909090909,0.5185454545454545,agglo
robolectric-robolectric,robolectric-4.3-beta-1,0.8669090909090909,0.5265454545454545,agglo
robolectric-robolectric,robolectric-4.3.1,0.8676363636363637,0.5585454545454546,agglo
robolectric-robolectric,robolectric-4.4-alpha-1,0.8661818181818182,0.648,agglo
robolectric-robolectric,robolectric-4.4-alpha-2,0.8661818181818182,0.4770909090909091,agglo
rzwitserloot-lombok,v1.16.4,0.9157088122605364,0.5862068965517242,agglo
rzwitserloot-lombok,v1.16.6,0.9157088122605364,0.5833333333333333,agglo
rzwitserloot-lombok,v1.16.8,0.9128352490421456,0.5948275862068966,agglo
rzwitserloot-lombok,v1.18.0,0.9195402298850575,0.4061302681992337,agglo
rzwitserloot-lombok,v1.18.10,0.9204980842911877,0.23946360153256707,agglo
rzwitserloot-lombok,v1.18.12,0.9195402298850575,0.1915708812260536,agglo
rzwitserloot-lombok,v1.18.2,0.9195402298850575,0.38888888888888884,agglo
rzwitserloot-lombok,v1.18.4,0.9224137931034483,0.34961685823754785,agglo
rzwitserloot-lombok,v1.18.6,0.9204980842911877,0.2931034482758621,agglo
rzwitserloot-lombok,v1.18.8,0.9185823754789272,0.2883141762452107,agglo
scribejava-scribejava,1.2.1,0.927536231884058,0.6884057971014492,agglo
scribejava-scribejava,1.2.2,0.9347826086956522,0.6594202898550725,agglo
scribejava-scribejava,1.3.0,0.9347826086956522,0.5942028985507246,agglo
scribejava-scribejava,1.3.1,0.9347826086956522,0.44202898550724634,agglo
scribejava-scribejava,1.3.2,0.9347826086956522,0.42028985507246375,agglo
scribejava-scribejava,1.3.3,0.927536231884058,0.4130434782608695,agglo
scribejava-scribejava,1.3.4,0.9347826086956522,0.37681159420289856,agglo
scribejava-scribejava,1.3.5,0.9347826086956522,0.30434782608695654,agglo
scribejava-scribejava,1.3.6,0.9347826086956522,0.4130434782608695,agglo
scribejava-scribejava,1.3.7,0.9347826086956522,0.3695652173913043,agglo
seleniumHQ-selenium,selenium-3.5.1,0.9189614476789929,0.6553894571203777,agglo
seleniumHQ-selenium,selenium-3.5.2,0.9205350118017309,0.6199842643587726,agglo
seleniumHQ-selenium,selenium-3.5.3,0.9189614476789929,0.5334382376081825,agglo
seleniumHQ-selenium,selenium-3.6.0,0.9213217938631,0.4586939417781275,agglo
seleniumHQ-selenium,selenium-3.7.0,0.9213217938631,0.5397324940991346,agglo
seleniumHQ-selenium,selenium-3.7.1,0.912667191188041,0.48151062155782853,agglo
seleniumHQ-selenium,selenium-3.8.0,0.914240755310779,0.5019669551534225,agglo
seleniumHQ-selenium,selenium-3.8.1,0.914240755310779,0.4626278520849725,agglo
seleniumHQ-selenium,selenium-3.9.0,0.9205350118017309,0.4925255704169945,agglo
seleniumHQ-selenium,selenium-3.9.1,0.9150275373721479,0.5106215578284815,agglo
sofastack-sofa-rpc,v5.6.1,0.8700673724735323,0.4821944177093359,agglo
sofastack-sofa-rpc,v5.6.2,0.8681424446583254,0.5226179018286814,agglo
sofastack-sofa-rpc,v5.6.3,0.8691049085659288,0.4600577478344562,agglo
sofastack-sofa-rpc,v5.6.4,0.8691049085659288,0.4995187680461982,agglo
sofastack-sofa-rpc,v5.6.5,0.8719923002887392,0.4504331087584216,agglo
sofastack-sofa-rpc,v5.7.0,0.8700673724735323,0.4427333974975939,agglo
sofastack-sofa-rpc,v5.7.1,0.875842155919153,0.45620789220404234,agglo
sofastack-sofa-rpc,v5.7.2,0.8739172281039461,0.5409047160731473,agglo
sofastack-sofa-rpc,v5.7.3,0.8768046198267565,0.3965351299326275,agglo
sofastack-sofa-rpc,v5.7.4,0.8691049085659288,0.5640038498556303,agglo
spring-projects-spring-boot,v2.2.7.RELEASE,0.8851294903926483,0.42314118629908104,agglo
spring-projects-spring-boot,v2.2.8.RELEASE,0.8826232247284879,0.44527986633249794,agglo
spring-projects-spring-boot,v2.3.0.M1,0.8805346700083543,0.6727234753550543,agglo
spring-projects-spring-boot,v2.3.0.M2,0.8780284043441938,0.5173350041771094,agglo
spring-projects-spring-boot,v2.3.0.M3,0.8738512949039265,0.4122807017543859,agglo
spring-projects-spring-boot,v2.3.0.M4,0.8767752715121137,0.4229323308270677,agglo
spring-projects-spring-boot,v2.3.0.RC1,0.8761487050960736,0.3558897243107769,agglo
spring-projects-spring-boot,v2.3.0.RELEASE,0.8736424394319131,0.29156223893066,agglo
spring-projects-spring-boot,v2.3.1.RELEASE,0.8761487050960736,0.42815371762740184,agglo
spring-projects-spring-boot,v2.4.0-M1,0.8748955722639933,0.2827903091060986,agglo
spring-projects-spring-security,5.2.4.RELEASE,0.8641552511415524,0.48972602739726023,agglo
spring-projects-spring-security,5.2.5.RELEASE,0.8626331811263318,0.3789954337899544,agglo
spring-projects-spring-security,5.3.0.M1,0.8641552511415524,0.3991628614916286,agglo
spring-projects-spring-security,5.3.0.RC1,0.8573059360730594,0.46461187214611877,agglo
spring-projects-spring-security,5.3.0.RELEASE,0.85882800608828,0.36986301369863017,agglo
spring-projects-spring-security,5.3.1.RELEASE,0.8546423135464232,0.39840182648401823,agglo
spring-projects-spring-security,5.3.2.RELEASE,0.8519786910197868,0.4178082191780822,agglo
spring-projects-spring-security,5.3.3.RELEASE,0.8519786910197868,0.3660578386605784,agglo
spring-projects-spring-security,5.4.0-M1,0.852359208523592,0.3470319634703196,agglo
spring-projects-spring-security,5.4.0-M2,0.8519786910197868,0.6445966514459665,agglo
springfox-springfox,2.4.0,0.8670634920634921,0.5932539682539683,agglo
springfox-springfox,2.5.0,0.8690476190476191,0.5634920634920635,agglo
springfox-springfox,2.6.0,0.873015873015873,0.4900793650793651,agglo
springfox-springfox,2.6.1,0.875,0.4642857142857143,agglo
springfox-springfox,2.7.0,0.8670634920634921,0.42460317460317465,agglo
springfox-springfox,2.8.0,0.873015873015873,0.3134920634920635,agglo
springfox-springfox,2.9.0,0.8630952380952381,0.3472222222222222,agglo
springfox-springfox,2.9.1,0.8591269841269842,0.3392857142857143,agglo
springfox-springfox,2.9.2,0.8571428571428572,0.3055555555555556,agglo
springfox-springfox,pre-2.0,0.8988095238095238,0.6468253968253967,agglo
square-android-times-square,android-times-square-parent-1.7.0,0.9411764705882353,0.7058823529411764,agglo
square-android-times-square,android-times-square-parent-1.7.1,0.9411764705882353,0.6470588235294117,agglo
square-android-times-square,android-times-square-parent-1.7.10,0.9411764705882353,0.5882352941176471,agglo
square-android-times-square,android-times-square-parent-1.7.2,0.9411764705882353,0.7058823529411764,agglo
square-android-times-square,android-times-square-parent-1.7.3,0.9411764705882353,0.7058823529411764,agglo
square-android-times-square,android-times-square-parent-1.7.4,0.9411764705882353,0.7058823529411764,agglo
square-android-times-square,android-times-square-parent-1.7.5,0.9411764705882353,0.5882352941176471,agglo
square-android-times-square,android-times-square-parent-1.7.6,0.9411764705882353,0.6470588235294117,agglo
square-android-times-square,android-times-square-parent-1.7.7,0.9411764705882353,0.6470588235294117,agglo
square-android-times-square,android-times-square-parent-1.7.9,0.9411764705882353,0.7058823529411764,agglo
square-okhttp,parent-4.3.1,0.4817073170731707,0.44512195121951215,agglo
square-okhttp,parent-4.4.0,0.49390243902439024,0.46341463414634143,agglo
square-okhttp,parent-4.4.1,0.49390243902439024,0.5060975609756098,bunch
square-okhttp,parent-4.5.0,0.4878048780487805,0.47560975609756095,agglo
square-okhttp,parent-4.5.0-RC1,0.4817073170731707,0.524390243902439,bunch
square-okhttp,parent-4.6.0,0.4512195121951219,0.426829268292683,agglo
square-okhttp,parent-4.7.0,0.44512195121951215,0.47560975609756095,bunch
square-okhttp,parent-4.7.1,0.44512195121951215,0.4695121951219512,bunch
square-okhttp,parent-4.7.2,0.44512195121951215,0.46341463414634143,bunch
square-okhttp,parent-4.8.0,0.44512195121951215,0.4390243902439024,agglo
square-retrofit,parent-2.6.0,0.9324324324324325,0.2567567567567568,agglo
square-retrofit,parent-2.6.1,0.9189189189189189,0.32432432432432434,agglo
square-retrofit,parent-2.6.2,0.8828828828828829,0.33783783783783783,agglo
square-retrofit,parent-2.6.3,0.8738738738738738,0.3153153153153153,agglo
square-retrofit,parent-2.6.4,0.8738738738738738,0.3918918918918919,agglo
square-retrofit,parent-2.7.0,0.8783783783783784,0.36936936936936937,agglo
square-retrofit,parent-2.7.1,0.8648648648648649,0.48198198198198194,agglo
square-retrofit,parent-2.7.2,0.8603603603603603,0.472972972972973,agglo
square-retrofit,parent-2.8.0,0.8558558558558559,0.5045045045045045,agglo
square-retrofit,parent-2.8.1,0.8333333333333334,0.5540540540540541,agglo
swagger-api-swagger-core,v2.0.4,0.9423328964613368,0.47575360419397117,agglo
swagger-api-swagger-core,v2.0.5,0.9436435124508519,0.5072083879423329,agglo
swagger-api-swagger-core,v2.0.6,0.9384010484927916,0.2608125819134993,agglo
swagger-api-swagger-core,v2.0.7,0.9344692005242464,0.24770642201834858,agglo
swagger-api-swagger-core,v2.0.8,0.927916120576671,0.27129750982962,agglo
swagger-api-swagger-core,v2.0.9,0.927916120576671,0.2450851900393185,agglo
swagger-api-swagger-core,v2.1.0,0.908256880733945,0.35386631716906947,agglo
swagger-api-swagger-core,v2.1.1,0.90956749672346,0.4272608125819135,agglo
swagger-api-swagger-core,v2.1.2,0.9121887287024901,0.39711664482306686,agglo
swagger-api-swagger-core,v2.1.3,0.9056356487549149,0.3879423328964613,agglo
testcontainers-testcontainers-java,testcontainers-1.1.2,0.9470198675496688,0.32450331125827814,agglo
testcontainers-testcontainers-java,testcontainers-1.1.3,0.9470198675496688,0.2781456953642384,agglo
testcontainers-testcontainers-java,testcontainers-1.1.4,0.9403973509933775,0.29801324503311255,agglo
testcontainers-testcontainers-java,testcontainers-1.1.5,0.9205298013245033,0.32450331125827814,agglo
testcontainers-testcontainers-java,testcontainers-1.1.6,0.9205298013245033,0.29139072847682124,agglo
testcontainers-testcontainers-java,testcontainers-1.1.7,0.9271523178807947,0.29801324503311255,agglo
testcontainers-testcontainers-java,testcontainers-1.1.8,0.8940397350993378,0.45033112582781454,agglo
testcontainers-testcontainers-java,testcontainers-1.1.9,0.8874172185430463,0.5894039735099338,agglo
testcontainers-testcontainers-java,testcontainers-1.2.0,0.8675496688741722,0.5231788079470199,agglo
testcontainers-testcontainers-java,testcontainers-1.2.1,0.8741721854304636,0.5496688741721854,agglo
uber-NullAway,v0.7.1,0.8962264150943396,0.41509433962264153,agglo
uber-NullAway,v0.7.10,0.8773584905660378,0.2075471698113207,agglo
uber-NullAway,v0.7.2,0.8773584905660378,0.4056603773584906,agglo
uber-NullAway,v0.7.3,0.8773584905660378,0.3679245283018868,agglo
uber-NullAway,v0.7.4,0.8679245283018868,0.339622641509434,agglo
uber-NullAway,v0.7.5,0.8490566037735849,0.3207547169811321,agglo
uber-NullAway,v0.7.6,0.8584905660377359,0.2547169811320755,agglo
uber-NullAway,v0.7.7,0.7641509433962264,0.4811320754716981,agglo
uber-NullAway,v0.7.8,0.7358490566037736,0.42452830188679247,agglo
uber-NullAway,v0.7.9,0.7358490566037736,0.46226415094339623,agglo
voxeolabs-moho,1.1.11,0.8779342723004695,0.596244131455399,agglo
voxeolabs-moho,1.1.12-release,0.8779342723004695,0.4820031298904538,agglo
voxeolabs-moho,1.1.2-release,0.8763693270735524,0.5461658841940532,agglo
voxeolabs-moho,1.1.3-release,0.8763693270735524,0.46478873239436624,agglo
voxeolabs-moho,1.1.4-release,0.8763693270735524,0.4115805946791862,agglo
voxeolabs-moho,1.1.5-release,0.8779342723004695,0.511737089201878,agglo
voxeolabs-moho,1.1.6-release,0.8779342723004695,0.4960876369327074,agglo
voxeolabs-moho,1.1.7-release,0.8763693270735524,0.5633802816901409,agglo
voxeolabs-moho,1.1.8-release,0.8779342723004695,0.5993740219092332,agglo
voxeolabs-moho,1.2.1-release,0.8732394366197183,0.48669796557120504,agglo
web3j-web3j,v4.5.2,0.9082426127527217,0.5209953343701399,agglo
web3j-web3j,v4.5.4,0.9082426127527217,0.5816485225505443,agglo
web3j-web3j,v4.5.5,0.9082426127527217,0.5552099533437014,agglo
web3j-web3j,v4.5.6,0.911353032659409,0.5769828926905132,agglo
web3j-web3j,v4.5.7,0.911353032659409,0.6065318818040435,agglo
web3j-web3j,v4.5.8,0.911353032659409,0.682737169517885,agglo
web3j-web3j,v4.5.9,0.9097978227060654,0.6578538102643857,agglo
web3j-web3j,v4.6.0,0.9097978227060654,0.5163297045101088,agglo
web3j-web3j,v4.6.0-android,0.9082426127527217,0.5225505443234837,agglo
web3j-web3j,v4.6.1,0.9097978227060654,0.5178849144634525,agglo
