project_name,project_version,cbo,wmc,dit,rfc,lcom,totalMethods,staticMethods,publicMethods,privateMethods,protectedMethods,defaultMethods,abstractMethods,finalMethods,synchronizedMethods,totalFields,staticFields,publicFields,privateFields,protectedFields,defaultFields,finalFields,synchronizedFields,nosi,loc,returnQty,loopQty,comparisonsQty,tryCatchQty,parenthesizedExpsQty,stringLiteralsQty,numbersQty,assignmentsQty,mathOperationsQty,variablesQty,maxNestedBlocks,anonymousClassesQty,subClassesQty,lambdasQty,uniqueWordsQty,modifiers
Alluxio,v2.5.0-1,21960.0,28831.0,3419.0,41598.0,82297.0,17037.0,1644.0,13264.0,1927.0,576.0,112.0,116.0,131.0,281.0,7906.0,3130.0,1253.0,6241.0,300.0,0.0,4928.0,0.0,14292.0,218317.0,9763.0,2457.0,1748.0,2234.0,1406.0,21718.0,13299.0,29791.0,5057.0,25907.0,2174.0,301.0,445.0,1262.0,160728.0,116142.0
Alluxio,v2.5.0-2,22094.0,29076.0,3442.0,41849.0,82257.0,17143.0,1654.0,13364.0,1947.0,565.0,113.0,117.0,131.0,286.0,7975.0,3158.0,1278.0,6290.0,294.0,0.0,4981.0,0.0,14436.0,220075.0,9854.0,2466.0,1776.0,2266.0,1424.0,21944.0,13462.0,30002.0,5099.0,26100.0,2190.0,305.0,447.0,1290.0,161835.0,116206.0
Alluxio,v2.5.0-3,22168.0,29202.0,3448.0,42076.0,82587.0,17198.0,1660.0,13417.0,1949.0,563.0,113.0,117.0,131.0,287.0,8030.0,3185.0,1279.0,6343.0,295.0,0.0,5022.0,0.0,14514.0,221276.0,9895.0,2476.0,1781.0,2278.0,1431.0,22049.0,13564.0,30173.0,5131.0,26256.0,2202.0,309.0,447.0,1339.0,162548.0,116164.0
Alluxio,v2.5.0-RC0,21887.0,28598.0,3400.0,41458.0,80965.0,16889.0,1626.0,13165.0,1922.0,581.0,112.0,118.0,131.0,280.0,7877.0,3120.0,1246.0,6217.0,304.0,0.0,4890.0,0.0,14217.0,217204.0,9691.0,2451.0,1741.0,2219.0,1397.0,21584.0,13197.0,29696.0,5028.0,25827.0,2168.0,299.0,448.0,1257.0,159993.0,117139.0
Alluxio,v2.5.0-RC1,21891.0,28609.0,3400.0,41472.0,81088.0,16891.0,1626.0,13166.0,1923.0,581.0,112.0,118.0,131.0,280.0,7877.0,3120.0,1246.0,6217.0,304.0,0.0,4890.0,0.0,14222.0,217284.0,9692.0,2454.0,1743.0,2222.0,1398.0,21596.0,13209.0,29705.0,5031.0,25833.0,2169.0,299.0,448.0,1258.0,160030.0,117139.0
Alluxio,v2.5.0-RC2,21891.0,28609.0,3400.0,41472.0,81088.0,16891.0,1626.0,13166.0,1923.0,581.0,112.0,118.0,131.0,280.0,7877.0,3120.0,1246.0,6217.0,304.0,0.0,4890.0,0.0,14222.0,217284.0,9692.0,2454.0,1743.0,2222.0,1398.0,21596.0,13209.0,29705.0,5031.0,25833.0,2169.0,299.0,448.0,1258.0,160030.0,117139.0
Alluxio,v2.5.0,21894.0,28614.0,3401.0,41476.0,81090.0,16896.0,1626.0,13171.0,1923.0,581.0,112.0,118.0,131.0,280.0,7885.0,3124.0,1250.0,6221.0,304.0,0.0,4898.0,0.0,14222.0,217336.0,9692.0,2454.0,1743.0,2222.0,1398.0,21604.0,13209.0,29713.0,5034.0,25841.0,2169.0,299.0,447.0,1258.0,160071.0,117155.0
Alluxio,v2.6.0-RC0,22418.0,29600.0,3479.0,42551.0,83551.0,17359.0,1676.0,13528.0,1981.0,565.0,113.0,117.0,131.0,301.0,8181.0,3261.0,1312.0,6451.0,295.0,0.0,5130.0,0.0,14676.0,224636.0,10007.0,2509.0,1811.0,2322.0,1453.0,22109.0,13913.0,30671.0,5249.0,26671.0,2227.0,318.0,457.0,1398.0,164558.0,116216.0
Alluxio,v2.6.0-RC1,22415.0,29609.0,3482.0,42564.0,83553.0,17364.0,1676.0,13532.0,1982.0,565.0,113.0,117.0,131.0,301.0,8176.0,3259.0,1310.0,6448.0,295.0,0.0,5125.0,0.0,14680.0,224633.0,10009.0,2511.0,1811.0,2320.0,1454.0,22104.0,13934.0,30664.0,5248.0,26666.0,2229.0,317.0,456.0,1396.0,164580.0,116234.0
Alluxio,v2.6.0-RC2,22415.0,29609.0,3482.0,42564.0,83553.0,17364.0,1676.0,13532.0,1982.0,565.0,113.0,117.0,131.0,301.0,8176.0,3259.0,1310.0,6448.0,295.0,0.0,5125.0,0.0,14679.0,224657.0,10009.0,2511.0,1811.0,2320.0,1454.0,22128.0,13935.0,30664.0,5255.0,26666.0,2229.0,317.0,456.0,1396.0,164643.0,116234.0
Alluxio,v2.6.0,22415.0,29609.0,3482.0,42564.0,83553.0,17364.0,1676.0,13532.0,1982.0,565.0,113.0,117.0,131.0,301.0,8176.0,3259.0,1310.0,6448.0,295.0,0.0,5125.0,0.0,14679.0,224657.0,10009.0,2511.0,1811.0,2320.0,1454.0,22128.0,13935.0,30664.0,5255.0,26666.0,2229.0,317.0,456.0,1396.0,164643.0,116234.0
Alluxio,v2.6.1,22534.0,29906.0,3507.0,42973.0,83933.0,17540.0,1680.0,13683.0,1997.0,567.0,116.0,117.0,131.0,301.0,8267.0,3299.0,1327.0,6522.0,295.0,0.0,5194.0,0.0,14826.0,227455.0,10105.0,2524.0,1830.0,2335.0,1452.0,22478.0,14149.0,31032.0,5322.0,26989.0,2251.0,308.0,469.0,1429.0,165963.0,116327.0
Beam,v2.27.0-RC3,66548.0,42774.0,8729.0,87901.0,132494.0,28579.0,5628.0,20312.0,4479.0,483.0,57.0,609.0,83.0,141.0,11343.0,4911.0,1850.0,8620.0,121.0,0.0,7834.0,0.0,52257.0,597353.0,14449.0,3333.0,2301.0,1734.0,1594.0,53671.0,35885.0,53087.0,5467.0,49465.0,2703.0,2151.0,5025.0,3108.0,346644.0,269439.0
Beam,v2.27.0-RC4,66548.0,42774.0,8729.0,87901.0,132494.0,28579.0,5628.0,20312.0,4479.0,483.0,57.0,609.0,83.0,141.0,11343.0,4911.0,1850.0,8620.0,121.0,0.0,7834.0,0.0,52257.0,597353.0,14449.0,3333.0,2301.0,1734.0,1594.0,53671.0,35885.0,53087.0,5467.0,49465.0,2703.0,2151.0,5025.0,3108.0,346644.0,269439.0
Beam,v2.27.0,66548.0,42774.0,8729.0,87901.0,132494.0,28579.0,5628.0,20312.0,4479.0,483.0,57.0,609.0,83.0,141.0,11343.0,4911.0,1850.0,8620.0,121.0,0.0,7834.0,0.0,52257.0,597353.0,14449.0,3333.0,2301.0,1734.0,1594.0,53671.0,35885.0,53087.0,5467.0,49465.0,2703.0,2151.0,5025.0,3108.0,346644.0,269439.0
Beam,v2.28.0-RC1,67226.0,43568.0,8824.0,88950.0,135816.0,28988.0,5698.0,20641.0,4522.0,462.0,60.0,604.0,83.0,151.0,11525.0,5001.0,1870.0,8776.0,118.0,0.0,7978.0,0.0,52739.0,605474.0,14732.0,3385.0,2354.0,1762.0,1622.0,54198.0,36259.0,53840.0,5534.0,50060.0,2752.0,2165.0,5103.0,3169.0,350339.0,267544.0
Beam,v2.28.0,67226.0,43568.0,8824.0,88950.0,135816.0,28988.0,5698.0,20641.0,4522.0,462.0,60.0,604.0,83.0,151.0,11525.0,5001.0,1870.0,8776.0,118.0,0.0,7978.0,0.0,52739.0,605474.0,14732.0,3385.0,2354.0,1762.0,1622.0,54198.0,36259.0,53840.0,5534.0,50060.0,2752.0,2165.0,5103.0,3169.0,350339.0,267544.0
Beam,v2.29.0-RC1,68702.0,44647.0,8950.0,91401.0,137347.0,29581.0,5858.0,20985.0,4643.0,474.0,61.0,608.0,83.0,152.0,11852.0,5205.0,1909.0,9031.0,118.0,0.0,8275.0,0.0,53890.0,618265.0,15101.0,3457.0,2418.0,1802.0,1681.0,55047.0,37006.0,55105.0,5712.0,51229.0,2823.0,2216.0,5170.0,3407.0,357146.0,268701.0
Beam,v2.29.0,68702.0,44647.0,8950.0,91401.0,137347.0,29581.0,5858.0,20985.0,4643.0,474.0,61.0,608.0,83.0,152.0,11852.0,5205.0,1909.0,9031.0,118.0,0.0,8275.0,0.0,53890.0,618265.0,15101.0,3457.0,2418.0,1802.0,1681.0,55047.0,37006.0,55105.0,5712.0,51229.0,2823.0,2216.0,5170.0,3407.0,357146.0,268701.0
Beam,v2.30.0-RC1,69504.0,45344.0,9052.0,92686.0,139977.0,29986.0,5909.0,21264.0,4715.0,493.0,64.0,614.0,83.0,162.0,12011.0,5276.0,1927.0,9160.0,122.0,0.0,8423.0,0.0,54573.0,626708.0,15332.0,3523.0,2461.0,1837.0,1720.0,55806.0,37530.0,56099.0,5797.0,52141.0,2869.0,2239.0,5236.0,3518.0,361435.0,270795.0
Beam,v2.30.0,69504.0,45344.0,9052.0,92686.0,139977.0,29986.0,5909.0,21264.0,4715.0,493.0,64.0,614.0,83.0,162.0,12011.0,5276.0,1927.0,9160.0,122.0,0.0,8423.0,0.0,54573.0,626708.0,15332.0,3523.0,2461.0,1837.0,1720.0,55806.0,37530.0,56099.0,5797.0,52141.0,2869.0,2239.0,5236.0,3518.0,361435.0,270795.0
Beam,v2.31.0-RC1,69998.0,45599.0,9104.0,93221.0,141769.0,30177.0,5935.0,21415.0,4726.0,499.0,64.0,614.0,83.0,162.0,12092.0,5304.0,1939.0,9217.0,122.0,0.0,8477.0,0.0,54899.0,630609.0,15410.0,3537.0,2473.0,1843.0,1728.0,56028.0,37655.0,56358.0,5818.0,52398.0,2887.0,2253.0,5271.0,3542.0,363536.0,270813.0
Beam,v2.31.0,69998.0,45599.0,9104.0,93221.0,141769.0,30177.0,5935.0,21415.0,4726.0,499.0,64.0,614.0,83.0,162.0,12092.0,5304.0,1939.0,9217.0,122.0,0.0,8477.0,0.0,54899.0,630609.0,15410.0,3537.0,2473.0,1843.0,1728.0,56028.0,37655.0,56358.0,5818.0,52398.0,2887.0,2253.0,5271.0,3542.0,363536.0,270813.0
Beam,website-to-hugo,61931.0,38600.0,7961.0,81272.0,115492.0,25831.0,5066.0,18474.0,4127.0,392.0,45.0,505.0,82.0,125.0,10269.0,4391.0,1698.0,7813.0,109.0,0.0,7145.0,0.0,47925.0,535579.0,12957.0,3156.0,1984.0,1661.0,1450.0,45634.0,32836.0,48858.0,4972.0,45598.0,2534.0,2071.0,4689.0,2655.0,319593.0,234077.0
Camel,camel-3.10.0,158977.0,227995.0,46231.0,226517.0,1675576.0,106167.0,7951.0,78655.0,6405.0,14547.0,207.0,431.0,165.0,321.0,36419.0,9951.0,2753.0,27912.0,2727.0,0.0,12554.0,0.0,51354.0,1380542.0,95906.0,4460.0,7736.0,5033.0,2491.0,257536.0,48293.0,128249.0,13344.0,112184.0,8217.0,9961.0,4628.0,6654.0,948899.0,501621.0
Camel,camel-3.11.0,159881.0,228819.0,46530.0,227757.0,1682077.0,106566.0,7948.0,78966.0,6432.0,14619.0,208.0,431.0,163.0,320.0,36725.0,10094.0,2774.0,28155.0,2731.0,0.0,12724.0,0.0,51519.0,1383313.0,96247.0,4468.0,7698.0,5045.0,2307.0,258691.0,48489.0,128885.0,13327.0,112772.0,8258.0,10011.0,4591.0,6688.0,952547.0,502872.0
Camel,camel-3.11.1,160105.0,228927.0,46579.0,227894.0,1682180.0,106633.0,7968.0,78995.0,6438.0,14632.0,208.0,431.0,163.0,323.0,36737.0,10099.0,2774.0,28164.0,2734.0,0.0,12732.0,0.0,51549.0,1389178.0,96285.0,4471.0,7705.0,5060.0,2312.0,258825.0,48514.0,128979.0,13336.0,112855.0,8272.0,10022.0,4679.0,6693.0,957188.0,502913.0
Camel,camel-3.6.0,157942.0,198751.0,45438.0,223193.0,1579873.0,103354.0,7675.0,76980.0,6203.0,14206.0,107.0,409.0,164.0,324.0,36322.0,10182.0,2510.0,27995.0,2675.0,0.0,12670.0,0.0,50232.0,1348323.0,80392.0,4311.0,7406.0,5047.0,2482.0,239399.0,47217.0,126147.0,13221.0,111101.0,8261.0,10044.0,4586.0,6301.0,931634.0,477955.0
Camel,camel-3.7.0,159717.0,227041.0,45826.0,225527.0,1640518.0,105493.0,7831.0,78614.0,6395.0,14262.0,125.0,418.0,164.0,322.0,36205.0,9690.0,2539.0,27773.0,2674.0,0.0,12175.0,0.0,51550.0,1384866.0,95408.0,4405.0,7732.0,5074.0,2526.0,256620.0,48234.0,127731.0,13310.0,112134.0,8231.0,10114.0,4746.0,6382.0,949073.0,485668.0
Camel,camel-3.7.1,159760.0,227161.0,45833.0,225791.0,1640562.0,105561.0,7820.0,78674.0,6408.0,14266.0,127.0,418.0,164.0,322.0,36224.0,9692.0,2539.0,27785.0,2673.0,0.0,12189.0,0.0,51580.0,1382506.0,95420.0,4419.0,7737.0,5081.0,2530.0,257017.0,48275.0,127858.0,13338.0,112244.0,8242.0,10127.0,4672.0,6391.0,948873.0,485668.0
Camel,camel-3.7.2,159994.0,228217.0,45908.0,226280.0,1641053.0,105632.0,7833.0,78722.0,6408.0,14276.0,128.0,418.0,164.0,322.0,36237.0,9696.0,2539.0,27795.0,2675.0,0.0,12192.0,0.0,51747.0,1387058.0,95935.0,4431.0,7743.0,5081.0,2532.0,258193.0,48349.0,127947.0,13349.0,112313.0,8246.0,10148.0,4728.0,6392.0,951596.0,485692.0
Camel,camel-3.7.3,160031.0,228284.0,45921.0,226464.0,1641103.0,105666.0,7824.0,78745.0,6409.0,14292.0,128.0,418.0,164.0,322.0,36251.0,9701.0,2539.0,27809.0,2675.0,0.0,12199.0,0.0,51776.0,1384927.0,95943.0,4437.0,7745.0,5086.0,2532.0,258500.0,48411.0,128013.0,13356.0,112374.0,8255.0,10169.0,4669.0,6401.0,949549.0,485690.0
Camel,camel-3.7.4,160044.0,228330.0,45926.0,226555.0,1641294.0,105681.0,7825.0,78754.0,6413.0,14297.0,128.0,418.0,164.0,322.0,36263.0,9702.0,2539.0,27820.0,2675.0,0.0,12206.0,0.0,51799.0,1382643.0,95960.0,4437.0,7747.0,5087.0,2532.0,258553.0,48421.0,128054.0,13356.0,112413.0,8255.0,10172.0,4637.0,6402.0,947802.0,485690.0
Camel,camel-3.7.5,160275.0,228417.0,45981.0,226684.0,1641851.0,105736.0,7843.0,78778.0,6415.0,14306.0,128.0,418.0,164.0,322.0,36281.0,9711.0,2539.0,27837.0,2676.0,0.0,12216.0,0.0,51812.0,1390060.0,95998.0,4440.0,7748.0,5089.0,2532.0,258696.0,48449.0,128129.0,13361.0,112485.0,8257.0,10183.0,4756.0,6409.0,953926.0,485715.0
Camel,camel-3.8.0,162162.0,232345.0,46584.0,229993.0,1673230.0,107576.0,7947.0,80108.0,6530.0,14511.0,195.0,422.0,165.0,323.0,36890.0,9892.0,2702.0,28188.0,2715.0,0.0,12447.0,0.0,52453.0,1397253.0,97435.0,4480.0,7878.0,5172.0,2531.0,262107.0,48596.0,129793.0,13555.0,113954.0,8344.0,10159.0,4599.0,6414.0,959603.0,501536.0
Camel,camel-3.9.0,156378.0,225352.0,45735.0,222991.0,1653405.0,104789.0,7887.0,77677.0,6280.0,14413.0,209.0,427.0,164.0,321.0,35877.0,9768.0,2694.0,27477.0,2705.0,0.0,12352.0,0.0,50625.0,1361820.0,94674.0,4454.0,7696.0,5060.0,2519.0,253519.0,47770.0,126287.0,13200.0,110573.0,8180.0,9835.0,4597.0,6422.0,936209.0,502066.0
Cxf,cxf-3.3.10,70421.0,106451.0,13801.0,123288.0,425065.0,51729.0,5309.0,38266.0,6277.0,4377.0,17.0,276.0,578.0,254.0,17991.0,7534.0,3085.0,11614.0,1229.0,0.0,8102.0,0.0,32186.0,684159.0,28547.0,5712.0,10210.0,5859.0,4785.0,89511.0,26455.0,113238.0,10687.0,94172.0,7441.0,780.0,1640.0,615.0,355786.0,359952.0
Cxf,cxf-3.3.11,70558.0,106561.0,13824.0,123402.0,427592.0,51813.0,5318.0,38340.0,6283.0,4380.0,17.0,276.0,578.0,254.0,18013.0,7540.0,3087.0,11634.0,1229.0,0.0,8113.0,0.0,32254.0,685421.0,28593.0,5712.0,10221.0,5862.0,4786.0,89674.0,26494.0,113353.0,10709.0,94286.0,7449.0,781.0,1646.0,630.0,356293.0,359971.0
Cxf,cxf-3.3.5,68884.0,104983.0,13533.0,121263.0,420209.0,50691.0,5243.0,37456.0,6193.0,4335.0,17.0,273.0,578.0,253.0,17598.0,7419.0,3010.0,11329.0,1203.0,0.0,7942.0,0.0,31653.0,671304.0,28098.0,5651.0,10112.0,5775.0,4750.0,87493.0,25943.0,111775.0,10471.0,92737.0,7354.0,760.0,1567.0,361.0,348564.0,357599.0
Cxf,cxf-3.3.6,69025.0,105148.0,13547.0,121498.0,421459.0,50795.0,5268.0,37532.0,6206.0,4341.0,17.0,273.0,578.0,253.0,17618.0,7428.0,3011.0,11348.0,1201.0,0.0,7950.0,0.0,31791.0,672580.0,28148.0,5660.0,10125.0,5793.0,4751.0,87691.0,26028.0,111904.0,10497.0,92839.0,7364.0,764.0,1569.0,377.0,349139.0,357644.0
Cxf,cxf-3.3.7,69315.0,105497.0,13589.0,121930.0,423265.0,51054.0,5282.0,37720.0,6219.0,4348.0,17.0,273.0,578.0,252.0,17660.0,7440.0,3019.0,11382.0,1198.0,0.0,7969.0,0.0,31947.0,675124.0,28231.0,5672.0,10141.0,5829.0,4759.0,88001.0,26170.0,112179.0,10540.0,93109.0,7382.0,774.0,1578.0,450.0,350216.0,357684.0
Cxf,cxf-3.3.8,69848.0,105852.0,13693.0,122618.0,423789.0,51350.0,5300.0,37973.0,6246.0,4354.0,17.0,273.0,579.0,252.0,17831.0,7501.0,3027.0,11537.0,1199.0,0.0,8054.0,0.0,32080.0,679654.0,28340.0,5679.0,10157.0,5838.0,4762.0,88574.0,26264.0,112615.0,10599.0,93575.0,7392.0,780.0,1614.0,568.0,352636.0,357758.0
Cxf,cxf-3.3.9,70198.0,106214.0,13759.0,123046.0,424155.0,51535.0,5295.0,38103.0,6258.0,4373.0,17.0,275.0,578.0,253.0,17936.0,7526.0,3081.0,11591.0,1203.0,0.0,8088.0,0.0,32122.0,682139.0,28422.0,5711.0,10192.0,5846.0,4778.0,89085.0,26389.0,113044.0,10669.0,93981.0,7422.0,780.0,1630.0,600.0,354287.0,358859.0
Cxf,cxf-3.4.0,69495.0,105596.0,13647.0,122073.0,426448.0,51305.0,5281.0,37962.0,6223.0,4340.0,17.0,273.0,578.0,254.0,17759.0,7495.0,3040.0,11451.0,1198.0,0.0,8116.0,0.0,31798.0,676736.0,28318.0,5652.0,10114.0,5843.0,4706.0,87835.0,25973.0,111993.0,10467.0,93035.0,7369.0,748.0,1596.0,512.0,351331.0,357748.0
Cxf,cxf-3.4.1,69876.0,106079.0,13678.0,122661.0,427515.0,51594.0,5295.0,38208.0,6251.0,4343.0,17.0,273.0,580.0,254.0,17933.0,7555.0,3046.0,11617.0,1198.0,0.0,8202.0,0.0,31966.0,680896.0,28438.0,5682.0,10149.0,5855.0,4724.0,88294.0,26096.0,112482.0,10520.0,93533.0,7381.0,753.0,1619.0,632.0,353217.0,357798.0
Cxf,cxf-3.4.2,70240.0,106359.0,13775.0,123104.0,427691.0,51785.0,5296.0,38352.0,6258.0,4360.0,17.0,275.0,578.0,255.0,18045.0,7582.0,3102.0,11671.0,1202.0,0.0,8241.0,0.0,32206.0,682959.0,28528.0,5687.0,10177.0,5864.0,4726.0,88748.0,26197.0,112696.0,10571.0,93727.0,7416.0,753.0,1639.0,665.0,354908.0,358891.0
Cxf,cxf-3.4.3,70449.0,106625.0,13815.0,123382.0,428831.0,51983.0,5311.0,38512.0,6283.0,4365.0,17.0,276.0,578.0,256.0,18100.0,7594.0,3106.0,11694.0,1228.0,0.0,8259.0,0.0,32282.0,685100.0,28660.0,5689.0,10199.0,5884.0,4743.0,89191.0,26286.0,112911.0,10610.0,93934.0,7437.0,753.0,1649.0,682.0,356465.0,359982.0
Cxf,cxf-3.4.4,70637.0,106771.0,13843.0,123546.0,431678.0,52091.0,5323.0,38607.0,6292.0,4368.0,17.0,276.0,578.0,256.0,18123.0,7600.0,3108.0,11715.0,1228.0,0.0,8270.0,0.0,32380.0,686721.0,28724.0,5689.0,10211.0,5890.0,4745.0,89419.0,26338.0,113096.0,10639.0,94115.0,7447.0,755.0,1655.0,704.0,357102.0,360003.0
Dbeaver,21.0.0,47271.0,66751.0,8834.0,61749.0,310346.0,31528.0,2209.0,22920.0,2619.0,2934.0,0.0,212.0,34.0,202.0,17854.0,8384.0,6076.0,10749.0,390.0,0.0,6997.0,0.0,19419.0,397936.0,24208.0,3997.0,6752.0,3088.0,3463.0,26135.0,15458.0,48571.0,6155.0,40577.0,4933.0,1316.0,708.0,1062.0,205378.0,319054.0
Dbeaver,21.0.1,47594.0,67159.0,8891.0,62114.0,312507.0,31678.0,2228.0,23021.0,2631.0,2952.0,0.0,212.0,34.0,201.0,17977.0,8476.0,6150.0,10799.0,389.0,0.0,7049.0,0.0,19582.0,400468.0,24369.0,4023.0,6796.0,3122.0,3489.0,26373.0,15503.0,48844.0,6218.0,40871.0,4963.0,1324.0,712.0,1074.0,206737.0,320098.0
Dbeaver,21.0.2,47820.0,67530.0,8919.0,62459.0,313971.0,31804.0,2239.0,23106.0,2648.0,2971.0,0.0,212.0,34.0,203.0,18051.0,8518.0,6181.0,10837.0,390.0,0.0,7088.0,0.0,19708.0,402532.0,24494.0,4056.0,6834.0,3145.0,3508.0,26721.0,15567.0,49082.0,6250.0,41091.0,4991.0,1330.0,707.0,1081.0,207556.0,321137.0
Dbeaver,21.0.3,48020.0,67726.0,8945.0,62796.0,314864.0,31873.0,2249.0,23140.0,2665.0,2977.0,0.0,212.0,34.0,203.0,18114.0,8564.0,6216.0,10867.0,388.0,0.0,7114.0,0.0,19813.0,403994.0,24539.0,4062.0,6863.0,3156.0,3521.0,26792.0,15672.0,49270.0,6255.0,41281.0,5003.0,1340.0,711.0,1091.0,208360.0,321146.0
Dbeaver,21.0.4,48168.0,67949.0,8973.0,62965.0,316318.0,31986.0,2255.0,23219.0,2677.0,2991.0,0.0,213.0,34.0,205.0,18167.0,8591.0,6236.0,10898.0,390.0,0.0,7146.0,0.0,19880.0,405358.0,24647.0,4065.0,6898.0,3159.0,3535.0,26966.0,15721.0,49412.0,6278.0,41396.0,5010.0,1340.0,711.0,1099.0,208909.0,322198.0
Dbeaver,21.0.5,48373.0,68233.0,8977.0,63239.0,318248.0,32079.0,2263.0,23291.0,2682.0,2990.0,1.0,213.0,34.0,205.0,18214.0,8620.0,6270.0,10918.0,384.0,0.0,7184.0,0.0,19981.0,406842.0,24737.0,4074.0,6932.0,3164.0,3574.0,27058.0,15736.0,49554.0,6289.0,41509.0,5030.0,1343.0,715.0,1107.0,209409.0,322199.0
Dbeaver,21.1.0,48595.0,68517.0,8996.0,63487.0,320466.0,32212.0,2268.0,23385.0,2692.0,3007.0,1.0,213.0,34.0,205.0,18273.0,8644.0,6287.0,10942.0,404.0,0.0,7229.0,0.0,20068.0,408483.0,24870.0,4080.0,6969.0,3171.0,3592.0,27152.0,15787.0,49739.0,6305.0,41662.0,5044.0,1344.0,719.0,1111.0,210186.0,322240.0
Dbeaver,21.1.1,48883.0,68822.0,9041.0,63876.0,321276.0,32363.0,2299.0,23503.0,2711.0,3012.0,1.0,215.0,34.0,205.0,18401.0,8715.0,6325.0,11028.0,408.0,0.0,7291.0,0.0,20281.0,410833.0,25003.0,4089.0,6991.0,3178.0,3610.0,27412.0,16018.0,50092.0,6361.0,42002.0,5063.0,1344.0,719.0,1154.0,211327.0,324329.0
Dbeaver,21.1.2,49118.0,69240.0,9094.0,64143.0,325060.0,32554.0,2313.0,23654.0,2723.0,3025.0,3.0,217.0,34.0,204.0,18458.0,8737.0,6337.0,11073.0,409.0,0.0,7348.0,0.0,20406.0,413083.0,25209.0,4105.0,7046.0,3186.0,3632.0,27655.0,16103.0,50358.0,6404.0,42208.0,5068.0,1346.0,723.0,1160.0,212310.0,327433.0
Dbeaver,21.1.3,49317.0,69524.0,9115.0,64452.0,326757.0,32660.0,2318.0,23723.0,2744.0,3030.0,4.0,217.0,34.0,207.0,18549.0,8781.0,6361.0,11137.0,413.0,0.0,7426.0,0.0,20482.0,415012.0,25279.0,4120.0,7078.0,3201.0,3639.0,27754.0,16123.0,50615.0,6422.0,42418.0,5085.0,1367.0,727.0,1172.0,213173.0,326421.0
Dbeaver,21.1.4,49526.0,69803.0,9138.0,64672.0,328033.0,32756.0,2323.0,23793.0,2750.0,3036.0,4.0,217.0,36.0,207.0,18611.0,8797.0,6372.0,11186.0,413.0,0.0,7455.0,0.0,20604.0,416237.0,25375.0,4137.0,7112.0,3212.0,3676.0,27847.0,16181.0,50777.0,6438.0,42563.0,5107.0,1370.0,728.0,1180.0,213866.0,326449.0
Dbeaver,7.3.5,47184.0,66618.0,8826.0,61610.0,309352.0,31479.0,2195.0,22881.0,2619.0,2930.0,0.0,212.0,34.0,202.0,17823.0,8371.0,6041.0,10753.0,393.0,0.0,6968.0,0.0,19362.0,397254.0,24172.0,3990.0,6731.0,3082.0,3459.0,26115.0,15408.0,48477.0,6152.0,40502.0,4909.0,1314.0,709.0,1061.0,204994.0,319031.0
Flink,release-1.12.5,133823.0,125752.0,24334.0,166229.0,445342.0,74855.0,9205.0,54893.0,10229.0,3835.0,212.0,1114.0,520.0,113.0,30371.0,11268.0,4619.0,23204.0,1772.0,0.0,21760.0,0.0,79218.0,1234457.0,43966.0,9971.0,9658.0,7826.0,6121.0,92875.0,110132.0,143290.0,20954.0,125881.0,8597.0,2880.0,6249.0,6842.0,777160.0,839865.0
Flink,release-1.13.0-rc0,144978.0,134629.0,25865.0,180827.0,473660.0,79841.0,9804.0,58252.0,11089.0,4066.0,221.0,1093.0,462.0,117.0,32931.0,12188.0,5128.0,25062.0,1878.0,0.0,23843.0,0.0,85335.0,1324977.0,47249.0,10416.0,10524.0,8092.0,6492.0,99047.0,114232.0,152041.0,21841.0,133707.0,9129.0,2971.0,6509.0,7510.0,831784.0,872420.0
Flink,release-1.13.0-rc1,145649.0,136042.0,25983.0,182292.0,492749.0,80432.0,9868.0,58614.0,11217.0,4126.0,222.0,1093.0,466.0,118.0,33094.0,12245.0,5148.0,25192.0,1889.0,0.0,23971.0,0.0,86063.0,1337135.0,47703.0,10520.0,10671.0,8134.0,6566.0,99933.0,114291.0,153354.0,21899.0,134913.0,9159.0,2978.0,6570.0,7601.0,836654.0,875583.0
Flink,release-1.13.0-rc2,145827.0,136265.0,25999.0,182685.0,493991.0,80564.0,9904.0,58704.0,11248.0,4126.0,224.0,1093.0,464.0,122.0,33141.0,12260.0,5150.0,25238.0,1888.0,0.0,24015.0,0.0,86444.0,1339636.0,47803.0,10540.0,10679.0,8144.0,6597.0,100175.0,114494.0,153598.0,21957.0,135129.0,9164.0,2982.0,6582.0,7634.0,838269.0,875559.0
Flink,release-1.13.0,145827.0,136265.0,25999.0,182685.0,493991.0,80564.0,9904.0,58704.0,11248.0,4126.0,224.0,1093.0,464.0,122.0,33141.0,12260.0,5150.0,25238.0,1888.0,0.0,24015.0,0.0,86444.0,1339636.0,47803.0,10540.0,10679.0,8144.0,6597.0,100175.0,114494.0,153598.0,21957.0,135129.0,9164.0,2982.0,6582.0,7634.0,838269.0,875559.0
Flink,release-1.13.1-rc1,146125.0,136568.0,26053.0,183263.0,496483.0,80800.0,9932.0,58871.0,11299.0,4139.0,225.0,1095.0,465.0,122.0,33190.0,12291.0,5166.0,25271.0,1887.0,0.0,24052.0,0.0,86762.0,1343679.0,47922.0,10555.0,10697.0,8172.0,6607.0,100482.0,114680.0,153888.0,21982.0,135408.0,9184.0,2996.0,6617.0,7697.0,840152.0,875556.0
Flink,release-1.13.1,146125.0,136568.0,26053.0,183263.0,496483.0,80800.0,9932.0,58871.0,11299.0,4139.0,225.0,1095.0,465.0,122.0,33190.0,12291.0,5166.0,25271.0,1887.0,0.0,24052.0,0.0,86762.0,1343679.0,47922.0,10555.0,10697.0,8172.0,6607.0,100482.0,114680.0,153888.0,21982.0,135408.0,9184.0,2996.0,6617.0,7697.0,840152.0,875556.0
Flink,release-1.13.2-rc1,146451.0,136834.0,26099.0,183772.0,498143.0,80981.0,9975.0,58996.0,11346.0,4145.0,225.0,1098.0,465.0,123.0,33254.0,12326.0,5184.0,25318.0,1886.0,0.0,24098.0,0.0,87043.0,1347065.0,48014.0,10569.0,10715.0,8201.0,6629.0,100822.0,115003.0,154226.0,22015.0,135719.0,9204.0,3002.0,6633.0,7737.0,841699.0,876617.0
Flink,release-1.13.2-rc2,146565.0,136905.0,26107.0,184013.0,498531.0,81039.0,9977.0,59039.0,11359.0,4148.0,225.0,1099.0,465.0,123.0,33294.0,12355.0,5208.0,25335.0,1885.0,0.0,24136.0,0.0,87135.0,1348192.0,48028.0,10572.0,10715.0,8205.0,6634.0,100929.0,115083.0,154392.0,22032.0,135878.0,9209.0,3005.0,6635.0,7751.0,842232.0,876622.0
Flink,release-1.13.2-rc3,146572.0,136917.0,26107.0,184040.0,498532.0,81045.0,9979.0,59043.0,11360.0,4149.0,225.0,1099.0,465.0,123.0,33295.0,12355.0,5208.0,25336.0,1885.0,0.0,24136.0,0.0,87166.0,1348352.0,48031.0,10574.0,10718.0,8205.0,6636.0,100943.0,115129.0,154417.0,22030.0,135899.0,9209.0,3005.0,6635.0,7751.0,842263.0,876622.0
Flink,release-1.13.2,146572.0,136917.0,26107.0,184040.0,498532.0,81045.0,9979.0,59043.0,11360.0,4149.0,225.0,1099.0,465.0,123.0,33295.0,12355.0,5208.0,25336.0,1885.0,0.0,24136.0,0.0,87166.0,1348352.0,48031.0,10574.0,10718.0,8205.0,6636.0,100943.0,115129.0,154417.0,22030.0,135899.0,9209.0,3005.0,6635.0,7751.0,842263.0,876622.0
Flink,v0.4-rc1,12948.0,19324.0,2634.0,17172.0,27831.0,8687.0,631.0,6849.0,742.0,531.0,0.0,184.0,371.0,54.0,4263.0,1375.0,237.0,3617.0,335.0,0.0,2555.0,0.0,3197.0,120920.0,5249.0,2175.0,2421.0,1176.0,1748.0,10860.0,12822.0,20992.0,4880.0,16412.0,1487.0,113.0,356.0,0.0,98388.0,132381.0
Hadoop,release-3.2.2-RC1,122981.0,183200.0,20417.0,246187.0,833324.0,94556.0,11547.0,66374.0,14964.0,5225.0,15.0,2867.0,481.0,2419.0,42547.0,19476.0,8299.0,26953.0,2169.0,0.0,23272.0,0.0,89121.0,1612911.0,50273.0,16510.0,16204.0,14986.0,10836.0,186250.0,140403.0,233818.0,54573.0,192102.0,11456.0,3704.0,4978.0,1008.0,873193.0,861792.0
Hadoop,release-3.2.2-RC2,122980.0,183197.0,20417.0,246184.0,833288.0,94555.0,11547.0,66373.0,14965.0,5225.0,15.0,2867.0,481.0,2419.0,42547.0,19476.0,8299.0,26953.0,2169.0,0.0,23272.0,0.0,89119.0,1612893.0,50274.0,16510.0,16202.0,14985.0,10834.0,186248.0,140397.0,233811.0,54569.0,192095.0,11455.0,3704.0,4978.0,1008.0,873195.0,861792.0
Hadoop,release-3.2.2-RC3,123003.0,183260.0,20419.0,246288.0,834577.0,94603.0,11553.0,66398.0,14975.0,5225.0,16.0,2867.0,481.0,2420.0,42573.0,19490.0,8309.0,26964.0,2171.0,0.0,23287.0,0.0,89169.0,1613580.0,50301.0,16509.0,16204.0,14990.0,10849.0,186300.0,140491.0,233890.0,54646.0,192155.0,11454.0,3706.0,4980.0,1008.0,873498.0,861793.0
Hadoop,release-3.2.2-RC4,123003.0,183290.0,20423.0,246311.0,834747.0,94621.0,11555.0,66409.0,14981.0,5225.0,16.0,2867.0,481.0,2420.0,42574.0,19490.0,8309.0,26965.0,2171.0,0.0,23287.0,0.0,89216.0,1614000.0,50304.0,16518.0,16202.0,14992.0,10851.0,186356.0,140605.0,233944.0,54659.0,192203.0,11454.0,3708.0,4981.0,1014.0,873629.0,861810.0
Hadoop,release-3.2.2-RC5,123003.0,183290.0,20423.0,246312.0,834747.0,94621.0,11555.0,66409.0,14981.0,5225.0,16.0,2867.0,481.0,2420.0,42574.0,19490.0,8309.0,26965.0,2171.0,0.0,23287.0,0.0,89217.0,1614001.0,50304.0,16518.0,16202.0,14992.0,10851.0,186356.0,140608.0,233945.0,54659.0,192203.0,11454.0,3708.0,4981.0,1014.0,873629.0,861810.0
Hadoop,release-3.3.0-RC0,131384.0,193640.0,21559.0,264741.0,888763.0,100924.0,12185.0,70676.0,16052.0,5694.0,28.0,2964.0,540.0,2464.0,45710.0,20939.0,9041.0,29291.0,2154.0,0.0,25128.0,0.0,95265.0,1716253.0,53543.0,17169.0,16789.0,15809.0,11147.0,199532.0,144983.0,247946.0,56478.0,204683.0,12084.0,3797.0,5183.0,1631.0,937075.0,898155.0
Hadoop,release-3.3.1-RC0,134430.0,198415.0,22093.0,272035.0,924945.0,103973.0,12481.0,72801.0,16466.0,5822.0,39.0,2960.0,538.0,2520.0,47167.0,21769.0,9512.0,30204.0,2172.0,0.0,26059.0,0.0,98324.0,1763351.0,55137.0,17481.0,17194.0,16193.0,11434.0,204523.0,149562.0,254927.0,58274.0,210944.0,12274.0,3816.0,5261.0,2035.0,965306.0,904232.0
Hadoop,release-3.3.1-RC1,134520.0,198421.0,22125.0,272067.0,924781.0,103974.0,12491.0,72798.0,16469.0,5823.0,38.0,2960.0,538.0,2519.0,47219.0,21819.0,9512.0,30252.0,2172.0,0.0,26064.0,0.0,98348.0,1774292.0,55123.0,17481.0,17197.0,16191.0,11433.0,204628.0,149574.0,254963.0,58289.0,211017.0,12277.0,3854.0,5356.0,2034.0,965632.0,904268.0
Hadoop,release-3.3.1-RC2,134520.0,198421.0,22125.0,272068.0,924781.0,103974.0,12491.0,72798.0,16469.0,5823.0,38.0,2960.0,538.0,2519.0,47219.0,21819.0,9512.0,30252.0,2172.0,0.0,26064.0,0.0,98348.0,1774292.0,55123.0,17481.0,17197.0,16191.0,11433.0,204628.0,149574.0,254963.0,58289.0,211017.0,12277.0,3854.0,5356.0,2034.0,965632.0,904268.0
Hadoop,release-3.3.1-RC3,134516.0,198418.0,22125.0,272065.0,924734.0,103972.0,12491.0,72796.0,16469.0,5823.0,38.0,2960.0,538.0,2519.0,47219.0,21819.0,9512.0,30252.0,2172.0,0.0,26064.0,0.0,98346.0,1774254.0,55123.0,17481.0,17197.0,16190.0,11433.0,204620.0,149571.0,254954.0,58288.0,211008.0,12277.0,3854.0,5356.0,2032.0,965623.0,904268.0
Hadoop,remove-ozone,129994.0,191647.0,21459.0,260983.0,871545.0,99924.0,12101.0,69988.0,15920.0,5593.0,22.0,2966.0,540.0,2459.0,45001.0,20602.0,8886.0,28774.0,2162.0,0.0,24735.0,0.0,92902.0,1690215.0,53156.0,16955.0,16686.0,15568.0,10992.0,197968.0,143272.0,243981.0,56011.0,201061.0,11980.0,3767.0,5092.0,1427.0,926559.0,904308.0
Hadoop,submarine-0.2.0-RC0,138812.0,200470.0,22415.0,276092.0,882091.0,105471.0,12720.0,74244.0,16434.0,5620.0,22.0,2967.0,542.0,2526.0,48042.0,21691.0,9407.0,31218.0,2190.0,0.0,26115.0,0.0,96177.0,1763137.0,56270.0,17479.0,17586.0,16360.0,11265.0,201143.0,145449.0,253827.0,57243.0,209987.0,12699.0,3801.0,5147.0,1719.0,975103.0,921637.0
Hive,release-0.12.0,25497.0,58786.0,5384.0,49006.0,355840.0,25136.0,2694.0,20652.0,2614.0,814.0,0.0,387.0,135.0,96.0,9474.0,3338.0,1068.0,6523.0,657.0,0.0,4125.0,0.0,12578.0,453391.0,19389.0,4423.0,6629.0,2733.0,5074.0,34297.0,24024.0,49950.0,8713.0,37115.0,3077.0,227.0,2594.0,0.0,186912.0,163711.0
Hive,release-0.13.0,35130.0,79262.0,6928.0,64553.0,454269.0,33780.0,3684.0,27528.0,3679.0,1134.0,0.0,414.0,143.0,109.0,12410.0,4525.0,1385.0,8943.0,791.0,0.0,5664.0,0.0,17918.0,613846.0,25641.0,6077.0,8656.0,3407.0,7195.0,47381.0,42785.0,72666.0,11854.0,52096.0,4118.0,399.0,3466.0,0.0,244292.0,201699.0
Hive,release-0.13.1,35153.0,79317.0,6928.0,64622.0,455184.0,33799.0,3688.0,27543.0,3683.0,1135.0,0.0,415.0,143.0,109.0,12414.0,4527.0,1386.0,8946.0,791.0,0.0,5670.0,0.0,17931.0,614140.0,25655.0,6083.0,8665.0,3410.0,7206.0,47402.0,42795.0,72718.0,11862.0,52135.0,4119.0,399.0,3465.0,0.0,244380.0,201699.0
Hive,release-0.14.0,37804.0,85525.0,7273.0,69358.0,499886.0,36251.0,3995.0,29227.0,4121.0,1240.0,0.0,367.0,154.0,110.0,13149.0,4788.0,1501.0,9430.0,909.0,0.0,6172.0,0.0,21938.0,655952.0,27767.0,6522.0,10108.0,3493.0,7813.0,50795.0,50279.0,80430.0,13805.0,56770.0,4300.0,437.0,3671.0,0.0,259520.0,193804.0
Hive,release-1.0.0,37726.0,84437.0,7249.0,69076.0,436093.0,35401.0,3992.0,28375.0,4133.0,1235.0,0.0,368.0,150.0,109.0,13075.0,4760.0,1502.0,9360.0,903.0,0.0,6137.0,0.0,21938.0,651567.0,27562.0,6511.0,10085.0,3431.0,7801.0,49644.0,50013.0,80246.0,13718.0,56660.0,4270.0,436.0,3667.0,0.0,258078.0,191743.0
Hive,release-1.0.1,37726.0,84440.0,7249.0,69078.0,436093.0,35401.0,3992.0,28375.0,4133.0,1235.0,0.0,368.0,150.0,109.0,13075.0,4760.0,1502.0,9360.0,903.0,0.0,6137.0,0.0,21938.0,651571.0,27562.0,6511.0,10087.0,3431.0,7801.0,49648.0,50015.0,80246.0,13719.0,56660.0,4270.0,436.0,3667.0,0.0,258083.0,191743.0
Hive,release-1.1.0,40048.0,87651.0,7549.0,73245.0,446483.0,36716.0,4145.0,29253.0,4394.0,1289.0,0.0,391.0,159.0,126.0,13739.0,4992.0,1610.0,9911.0,925.0,0.0,6559.0,0.0,22989.0,676742.0,28418.0,6845.0,10324.0,3598.0,7948.0,52264.0,51471.0,83690.0,14313.0,59470.0,4513.0,504.0,3794.0,0.0,271664.0,204225.0
Hive,release-1.1.1,40048.0,87654.0,7549.0,73247.0,446483.0,36716.0,4145.0,29253.0,4394.0,1289.0,0.0,391.0,159.0,126.0,13739.0,4992.0,1610.0,9911.0,925.0,0.0,6559.0,0.0,22989.0,676746.0,28418.0,6845.0,10326.0,3598.0,7948.0,52270.0,51473.0,83690.0,14314.0,59470.0,4513.0,504.0,3794.0,0.0,271668.0,204225.0
Hive,release-1.2.0,44236.0,95862.0,8531.0,79801.0,476733.0,39746.0,4545.0,31575.0,4789.0,1429.0,0.0,420.0,162.0,140.0,15068.0,5428.0,1787.0,10761.0,1140.0,0.0,7020.0,0.0,25656.0,732775.0,30636.0,7547.0,11379.0,3899.0,8808.0,58680.0,55562.0,93134.0,16001.0,66195.0,5010.0,552.0,4106.0,0.0,295868.0,238362.0
Hive,release-1.2.1,44399.0,96232.0,8541.0,80228.0,477215.0,39811.0,4561.0,31608.0,4810.0,1433.0,0.0,420.0,162.0,143.0,15129.0,5480.0,1804.0,10802.0,1143.0,0.0,7070.0,0.0,25811.0,734892.0,30701.0,7581.0,11425.0,3929.0,8831.0,59016.0,55693.0,93489.0,16136.0,66484.0,5023.0,553.0,4108.0,0.0,297142.0,238369.0
Hive,release-2.0.0,50752.0,110328.0,9557.0,94077.0,531979.0,45230.0,5206.0,35479.0,5564.0,1631.0,0.0,446.0,177.0,168.0,17459.0,6343.0,2030.0,12498.0,1242.0,0.0,8580.0,0.0,29646.0,847236.0,34366.0,9002.0,13047.0,4533.0,9968.0,70531.0,66339.0,109219.0,19115.0,78115.0,5736.0,877.0,4753.0,0.0,341410.0,255666.0
Hive,release-2.0.1,51511.0,111792.0,9693.0,95032.0,535816.0,45757.0,5244.0,35890.0,5673.0,1636.0,0.0,450.0,176.0,168.0,17679.0,6419.0,2050.0,12676.0,1253.0,0.0,8660.0,0.0,29831.0,855527.0,34672.0,9216.0,13174.0,4562.0,10181.0,71856.0,67220.0,110860.0,19441.0,79242.0,5840.0,883.0,4776.0,0.0,344909.0,265151.0
Java-tron,Odyssey-v3.5.0.1,12007.0,15967.0,1405.0,26618.0,44941.0,7559.0,1018.0,6350.0,608.0,257.0,0.0,22.0,7.0,112.0,6801.0,1619.0,269.0,5253.0,60.0,0.0,1962.0,0.0,23775.0,158391.0,4772.0,716.0,2555.0,1668.0,782.0,25579.0,16854.0,33238.0,8594.0,27289.0,997.0,37.0,133.0,491.0,53225.0,22618.0
Java-tron,Odyssey-v3.5.1,12297.0,16444.0,1429.0,27462.0,48024.0,7794.0,1135.0,6621.0,594.0,256.0,0.0,18.0,7.0,108.0,7250.0,1594.0,279.0,5448.0,54.0,0.0,2018.0,0.0,25081.0,163863.0,5026.0,709.0,2573.0,1736.0,782.0,26641.0,17439.0,34960.0,9013.0,28369.0,1052.0,19.0,129.0,474.0,54663.0,21641.0
Java-tron,Odyssey-v3.5,12007.0,15967.0,1405.0,26618.0,44941.0,7559.0,1018.0,6350.0,608.0,257.0,0.0,22.0,7.0,112.0,6801.0,1619.0,269.0,5253.0,60.0,0.0,1962.0,0.0,23775.0,158389.0,4772.0,716.0,2555.0,1668.0,782.0,25579.0,16854.0,33238.0,8594.0,27289.0,997.0,37.0,133.0,491.0,53224.0,22618.0
Java-tron,Odyssey-v3.6.0,12931.0,17739.0,1505.0,29338.0,52627.0,8216.0,1255.0,6958.0,634.0,279.0,0.0,19.0,10.0,110.0,7708.0,1688.0,301.0,5737.0,54.0,0.0,2170.0,0.0,26620.0,171296.0,5416.0,792.0,2812.0,1806.0,998.0,25725.0,18624.0,37402.0,9508.0,30328.0,1134.0,22.0,135.0,490.0,58903.0,22734.0
Java-tron,Odyssey-v3.6.1,14742.0,18775.0,1598.0,34531.0,53285.0,8825.0,1268.0,7565.0,636.0,279.0,0.0,19.0,10.0,112.0,9184.0,1709.0,302.0,6938.0,54.0,0.0,2369.0,0.0,33852.0,197898.0,5468.0,811.0,3109.0,1828.0,1048.0,33174.0,22275.0,46493.0,14036.0,38021.0,1229.0,22.0,139.0,494.0,67420.0,22826.0
Java-tron,Odyssey-v3.6.2,14744.0,18776.0,1598.0,34536.0,53285.0,8825.0,1268.0,7565.0,636.0,279.0,0.0,19.0,10.0,112.0,9185.0,1709.0,302.0,6939.0,54.0,0.0,2369.0,0.0,33853.0,197907.0,5469.0,811.0,3109.0,1828.0,1048.0,33174.0,22276.0,46494.0,14036.0,38022.0,1229.0,22.0,139.0,494.0,67420.0,22826.0
Java-tron,Odyssey-v3.6.5,15012.0,19083.0,1618.0,35078.0,56073.0,8940.0,1288.0,7637.0,659.0,290.0,0.0,19.0,10.0,108.0,9269.0,1768.0,306.0,7019.0,54.0,0.0,2410.0,0.0,34147.0,200242.0,5546.0,833.0,3164.0,1847.0,1010.0,33393.0,22607.0,47020.0,14140.0,38412.0,1251.0,21.0,132.0,508.0,68273.0,22843.0
Java-tron,Odyssey-v3.6.6,15011.0,19102.0,1618.0,35079.0,56560.0,8949.0,1288.0,7645.0,659.0,290.0,0.0,19.0,10.0,108.0,9273.0,1769.0,306.0,7023.0,54.0,0.0,2411.0,0.0,34157.0,200330.0,5551.0,833.0,3167.0,1848.0,1010.0,33406.0,22621.0,47029.0,14140.0,38425.0,1251.0,21.0,132.0,509.0,68278.0,22843.0
Java-tron,Odyssey-v3.7,17523.0,21712.0,1973.0,40787.0,66766.0,10308.0,1574.0,8857.0,739.0,346.0,0.0,19.0,12.0,109.0,10930.0,2024.0,408.0,8035.0,63.0,0.0,2700.0,0.0,39698.0,231551.0,6318.0,1096.0,3559.0,1980.0,1218.0,38047.0,27733.0,55381.0,16683.0,45128.0,1416.0,28.0,178.0,513.0,79662.0,23033.0
Java-tron,tronWithGossip,1267.0,2138.0,303.0,2595.0,6095.0,1359.0,178.0,1081.0,147.0,28.0,0.0,15.0,5.0,28.0,387.0,158.0,32.0,327.0,16.0,0.0,135.0,0.0,567.0,13387.0,814.0,69.0,159.0,142.0,253.0,788.0,1638.0,1871.0,436.0,1218.0,137.0,4.0,23.0,134.0,6988.0,10546.0
Java-tron,v4.1.0,0.0,0.0,0.0,0.0,0.0,0.0,0.0,0.0,0.0,0.0,0.0,0.0,0.0,0.0,0.0,0.0,0.0,0.0,0.0,0.0,0.0,0.0,0.0,0.0,0.0,0.0,0.0,0.0,0.0,0.0,0.0,0.0,0.0,0.0,0.0,0.0,0.0,0.0,0.0,0.0
Java-tron,v4.1.1,20521.0,24900.0,2403.0,46359.0,80709.0,12049.0,1765.0,10214.0,950.0,471.0,0.0,20.0,14.0,119.0,12311.0,2294.0,674.0,8953.0,66.0,0.0,2966.0,0.0,44360.0,268503.0,7056.0,1363.0,3855.0,2272.0,1420.0,43498.0,33872.0,64048.0,18324.0,52671.0,1589.0,38.0,193.0,728.0,91944.0,24253.0
Okhttp,parent-4.10.0-RC1,1595.0,3471.0,208.0,4466.0,37117.0,2644.0,94.0,2316.0,292.0,10.0,0.0,8.0,0.0,7.0,464.0,77.0,128.0,282.0,2.0,0.0,307.0,0.0,720.0,35786.0,388.0,114.0,58.0,470.0,101.0,11078.0,3409.0,4565.0,736.0,4210.0,162.0,177.0,49.0,95.0,14820.0,3973.0
Okhttp,parent-4.5.0,1668.0,3681.0,224.0,4554.0,37272.0,2805.0,100.0,2460.0,309.0,10.0,0.0,8.0,2.0,8.0,475.0,73.0,129.0,297.0,2.0,0.0,319.0,0.0,975.0,37198.0,425.0,135.0,64.0,486.0,107.0,11810.0,3617.0,4660.0,749.0,4296.0,167.0,186.0,49.0,92.0,15507.0,4161.0
Okhttp,parent-4.6.0,1576.0,3428.0,206.0,4405.0,36971.0,2615.0,93.0,2296.0,283.0,10.0,0.0,8.0,0.0,7.0,453.0,73.0,129.0,275.0,2.0,0.0,302.0,0.0,721.0,35372.0,380.0,113.0,57.0,465.0,102.0,10894.0,3378.0,4500.0,725.0,4155.0,157.0,177.0,50.0,91.0,14729.0,3955.0
Okhttp,parent-4.7.0,1582.0,3438.0,207.0,4418.0,36963.0,2627.0,93.0,2306.0,285.0,10.0,0.0,8.0,0.0,7.0,458.0,73.0,128.0,276.0,2.0,0.0,303.0,0.0,715.0,35515.0,382.0,112.0,57.0,463.0,102.0,10996.0,3387.0,4519.0,732.0,4166.0,159.0,177.0,49.0,91.0,14680.0,3956.0
Okhttp,parent-4.7.1,1582.0,3438.0,207.0,4418.0,36963.0,2627.0,93.0,2306.0,285.0,10.0,0.0,8.0,0.0,7.0,458.0,73.0,128.0,276.0,2.0,0.0,303.0,0.0,715.0,35515.0,382.0,112.0,57.0,463.0,102.0,10996.0,3387.0,4519.0,732.0,4166.0,159.0,177.0,49.0,91.0,14680.0,3956.0
Okhttp,parent-4.7.2,1582.0,3438.0,207.0,4418.0,36963.0,2627.0,93.0,2306.0,285.0,10.0,0.0,8.0,0.0,7.0,458.0,73.0,128.0,276.0,2.0,0.0,303.0,0.0,715.0,35515.0,382.0,112.0,57.0,463.0,102.0,10996.0,3387.0,4519.0,732.0,4166.0,159.0,177.0,49.0,91.0,14680.0,3956.0
Okhttp,parent-4.8.0,1583.0,3449.0,207.0,4425.0,37091.0,2632.0,93.0,2311.0,285.0,10.0,0.0,8.0,0.0,7.0,458.0,73.0,128.0,276.0,2.0,0.0,303.0,0.0,715.0,35600.0,382.0,112.0,57.0,467.0,101.0,11028.0,3390.0,4532.0,732.0,4177.0,160.0,177.0,49.0,94.0,14700.0,3956.0
Okhttp,parent-4.8.1,1583.0,3449.0,207.0,4425.0,37091.0,2632.0,93.0,2311.0,285.0,10.0,0.0,8.0,0.0,7.0,458.0,73.0,128.0,276.0,2.0,0.0,303.0,0.0,715.0,35600.0,382.0,112.0,57.0,467.0,101.0,11028.0,3390.0,4532.0,732.0,4177.0,160.0,177.0,49.0,94.0,14700.0,3956.0
Okhttp,parent-4.9.0,1583.0,3450.0,207.0,4425.0,37091.0,2632.0,93.0,2311.0,285.0,10.0,0.0,8.0,0.0,7.0,458.0,73.0,128.0,276.0,2.0,0.0,303.0,0.0,715.0,35599.0,382.0,112.0,57.0,467.0,101.0,11028.0,3390.0,4532.0,732.0,4177.0,160.0,177.0,49.0,94.0,14704.0,3956.0
Okhttp,parent-4.9.1,1583.0,3450.0,207.0,4425.0,37091.0,2632.0,93.0,2311.0,285.0,10.0,0.0,8.0,0.0,7.0,458.0,73.0,128.0,276.0,2.0,0.0,303.0,0.0,715.0,35599.0,382.0,112.0,57.0,467.0,101.0,11028.0,3390.0,4532.0,732.0,4177.0,160.0,177.0,49.0,94.0,14704.0,3956.0
Okhttp,parent-5.0.0-alpha.1,1595.0,3471.0,208.0,4466.0,37117.0,2644.0,94.0,2316.0,292.0,10.0,0.0,8.0,0.0,7.0,464.0,77.0,128.0,282.0,2.0,0.0,307.0,0.0,720.0,35786.0,388.0,114.0,58.0,470.0,101.0,11078.0,3409.0,4565.0,736.0,4210.0,162.0,177.0,49.0,95.0,14820.0,3973.0
Okhttp,parent-5.0.0-alpha.2,1644.0,3556.0,218.0,4624.0,37277.0,2697.0,89.0,2363.0,292.0,16.0,0.0,8.0,0.0,7.0,456.0,77.0,86.0,307.0,2.0,0.0,274.0,0.0,727.0,37132.0,387.0,116.0,63.0,483.0,107.0,11342.0,3468.0,4679.0,750.0,4324.0,170.0,177.0,53.0,101.0,15315.0,3978.0
Redisson,redisson-3.15.5,13851.0,21019.0,2187.0,19108.0,296737.0,15601.0,289.0,10429.0,577.0,649.0,2.0,50.0,42.0,5.0,2756.0,624.0,101.0,1884.0,129.0,0.0,1516.0,0.0,6738.0,135983.0,8517.0,985.0,1321.0,397.0,571.0,19071.0,14396.0,15015.0,1918.0,13476.0,547.0,508.0,191.0,1814.0,68621.0,50787.0
Redisson,redisson-3.15.6,13870.0,21052.0,2190.0,19122.0,298729.0,15615.0,290.0,10442.0,575.0,652.0,2.0,50.0,42.0,5.0,2761.0,629.0,101.0,1889.0,129.0,0.0,1521.0,0.0,6745.0,136241.0,8532.0,987.0,1322.0,397.0,574.0,19115.0,14401.0,15044.0,1918.0,13499.0,547.0,510.0,191.0,1822.0,68651.0,50788.0
Redisson,redisson-3.16.0,14118.0,21342.0,2236.0,19540.0,301040.0,15786.0,296.0,10549.0,587.0,674.0,2.0,52.0,42.0,5.0,2828.0,640.0,107.0,1948.0,129.0,0.0,1548.0,0.0,6817.0,137985.0,8651.0,1002.0,1363.0,407.0,571.0,19335.0,14479.0,15256.0,1929.0,13695.0,568.0,510.0,204.0,1848.0,69569.0,51890.0
Redisson,redisson-3.16.1,14147.0,21405.0,2240.0,19640.0,301451.0,15808.0,296.0,10564.0,590.0,677.0,2.0,52.0,42.0,5.0,2830.0,643.0,108.0,1947.0,130.0,0.0,1549.0,0.0,6846.0,138312.0,8669.0,1010.0,1368.0,414.0,571.0,19366.0,14522.0,15310.0,1930.0,13738.0,577.0,509.0,204.0,1855.0,69724.0,51893.0
Redisson,redisson-parent-0.9.0,4491.0,7357.0,839.0,7026.0,53477.0,5542.0,103.0,3899.0,259.0,140.0,0.0,12.0,16.0,0.0,940.0,132.0,41.0,574.0,46.0,0.0,492.0,0.0,1309.0,46703.0,2947.0,418.0,524.0,197.0,129.0,6731.0,6241.0,4966.0,790.0,4526.0,225.0,341.0,63.0,97.0,23094.0,16904.0
Redisson,redisson-parent-2.3.0,4609.0,7900.0,868.0,7487.0,52871.0,5734.0,111.0,4031.0,267.0,169.0,0.0,12.0,17.0,0.0,1027.0,156.0,44.0,629.0,75.0,0.0,532.0,0.0,1390.0,49227.0,3099.0,429.0,637.0,211.0,184.0,6994.0,6651.0,5410.0,902.0,4813.0,238.0,347.0,65.0,96.0,24791.0,17951.0
Redisson,redisson-parent-2.4.0,4912.0,8484.0,923.0,8167.0,60359.0,6109.0,138.0,4280.0,293.0,202.0,0.0,13.0,17.0,0.0,1079.0,165.0,44.0,665.0,78.0,0.0,553.0,0.0,2738.0,53824.0,3330.0,465.0,673.0,201.0,224.0,7657.0,7280.0,5983.0,975.0,5314.0,259.0,394.0,86.0,98.0,26711.0,19000.0
Redisson,redisson-parent-2.5.0,4964.0,8703.0,930.0,8352.0,63875.0,6237.0,140.0,4361.0,304.0,202.0,0.0,13.0,17.0,0.0,1084.0,166.0,45.0,668.0,78.0,0.0,557.0,0.0,2764.0,55101.0,3384.0,479.0,691.0,207.0,233.0,7895.0,7527.0,6231.0,979.0,5477.0,264.0,398.0,90.0,98.0,26902.0,19005.0
Redisson,redisson-parent-2.5.1,4965.0,8722.0,930.0,8356.0,63946.0,6238.0,140.0,4363.0,301.0,204.0,0.0,13.0,17.0,0.0,1085.0,167.0,45.0,668.0,78.0,0.0,558.0,0.0,2766.0,55201.0,3377.0,478.0,712.0,206.0,233.0,7952.0,7522.0,6229.0,977.0,5474.0,264.0,400.0,90.0,98.0,26915.0,19005.0
Redisson,redisson-parent-3.0.0,4967.0,8754.0,931.0,8393.0,64085.0,6273.0,140.0,4396.0,304.0,202.0,0.0,13.0,17.0,3.0,1089.0,166.0,45.0,673.0,78.0,0.0,561.0,0.0,2765.0,55281.0,3427.0,479.0,691.0,214.0,233.0,7895.0,7533.0,6238.0,979.0,5484.0,266.0,398.0,90.0,100.0,26962.0,19005.0
Redisson,redisson-parent-3.0.1,4968.0,8773.0,931.0,8397.0,64156.0,6274.0,140.0,4398.0,301.0,204.0,0.0,13.0,17.0,3.0,1090.0,167.0,45.0,673.0,78.0,0.0,562.0,0.0,2767.0,55381.0,3420.0,478.0,712.0,213.0,233.0,7952.0,7528.0,6236.0,977.0,5481.0,266.0,400.0,90.0,100.0,26975.0,19005.0
Redisson,redisson-parent-3.11.6,11495.0,17889.0,1838.0,16347.0,227711.0,13157.0,246.0,8854.0,513.0,575.0,1.0,45.0,33.0,4.0,2333.0,468.0,82.0,1600.0,122.0,0.0,1267.0,0.0,5973.0,115574.0,7036.0,927.0,1133.0,380.0,498.0,16848.0,12985.0,13065.0,1718.0,11712.0,532.0,505.0,164.0,938.0,58450.0,44387.0
